-52.5,-250,0,0.39626744387277557,4,1.1888023316183265
-42.5,-250,0,0.4010168848892402,4,1.2030506546677207
-32.5,-250,9,0.39728143958265438,4,1.191844318747963
-22.5,-250,50,0.39414789021494723,4,1.1824436706448416
-12.5,-250,91,0.39096759756837196,4,1.1729027927051159
-2.5,-250,86,0.38994690031610718,4,1.1698407009483214
7.5,-250,52,0.39104413882601313,4,1.1731324164780395
17.5,-250,35,0.3919662032998692,4,1.1758986098996076
27.5,-250,21,0.39116371212512102,4,1.1734911363753633
37.5,-250,19,0.38796685485179239,4,1.163900564555377
47.5,-250,9,0.38795599070482095,4,1.1638679721144627
57.5,-250,13,0.38880498689311921,4,1.1664149606793577
67.5,-250,14,0.3875479536101516,4,1.1626438608304548
77.5,-250,3,0.38961145544768772,14,1.1688343663430631
87.5,-250,10,0.39210760160735642,14,1.1763228048220693
97.5,-250,5,0.39753273499985559,14,1.1925982049995667
107.5,-250,2,0.39219277038657846,14,1.1765783111597352
117.5,-250,5,0.38730460665646999,14,1.1619138199694099
127.5,-250,0,0.38503374365162724,14,1.1551012309548816
137.5,-250,0,0.38623380113691358,14,1.1587014034107408
147.5,-250,1,0.38283988249729528,14,1.148519647491886
157.5,-250,1,0.37823948341554403,14,1.1347184502466321
167.5,-250,0,0.3724729991293147,14,1.117418997387944
177.5,-250,1,0.35014482938792701,14,1.050434488163781
187.5,-250,1,0.33113861141395118,14,0.99341583424185353
197.5,-250,0,0.32854399336370538,14,0.98563198009111608
207.5,-250,0,0.2575190964701497,14,0.77255728941044899
217.5,-250,0,0.18152255409389001,14,0.54456766228166997
227.5,-250,0,0.14018091779403211,14,0.42054275338209629
237.5,-250,0,0.21442111783433182,14,0.64326335350299546
247.5,-250,0,0.2561665437599861,16,0.76849963127995835
257.5,-250,0,0.148258449362977,16,0.44477534808893099
-52.5,-240,0,0.39898722916858192,4,1.1969616875057458
-42.5,-240,8,0.39883512708535634,4,1.1965053812560691
-32.5,-240,59,0.39636218804006323,4,1.1890865641201898
-22.5,-240,301,0.39602186578875637,4,1.188065597366269
-12.5,-240,469,0.39143047812970483,4,1.1742914343891144
-2.5,-240,815,0.39345688764374348,4,1.1803706629312305
7.5,-240,565,0.39369340480951764,4,1.1810802144285528
17.5,-240,440,0.390714935643794,4,1.172144806931382
27.5,-240,351,0.39108919212637405,4,1.1732675763791223
37.5,-240,197,0.39200034865766775,4,1.1760010459730033
47.5,-240,159,0.39302957618810042,4,1.1790887285643012
57.5,-240,125,0.39075421733721366,4,1.172262652011641
67.5,-240,87,0.39234702716814707,4,1.1770410815044412
77.5,-240,69,0.38979883959930367,14,1.169396518797911
87.5,-240,54,0.39432730772929309,14,1.1829819231878793
97.5,-240,43,0.39021866998005522,14,1.1706560099401657
107.5,-240,33,0.3872631851434376,14,1.1617895554303128
117.5,-240,27,0.38768137473567421,14,1.1630441242070226
127.5,-240,13,0.38481383784977718,14,1.1544415135493316
137.5,-240,3,0.38424905117816055,14,1.1527471535344818
147.5,-240,4,0.38089078749760413,14,1.1426723624928126
157.5,-240,0,0.37983366920327588,14,1.1395010076098278
167.5,-240,0,0.36780948576283801,14,1.103428457288514
177.5,-240,0,0.35866050184291265,14,1.0759815055287381
187.5,-240,0,0.35156485140285543,14,1.0546945542085662
197.5,-240,0,0.33355224313962006,14,1.0006567294188602
207.5,-240,0,0.34789847600492207,14,1.0436954280147661
217.5,-240,0,0.30864378431228401,14,0.92593135293685191
227.5,-240,0,0.18120078746839999,14,0.54360236240519988
237.5,-240,0,0.22563958340561849,16,0.67691875021685555
247.5,-240,1,0.20030420513846028,16,0.60091261541538088
257.5,-240,0,0.13884393926757468,16,0.41653181780272402
-52.5,-230,0,0.39954909283371448,4,1.1986472785011435
-42.5,-230,12,0.39761746648250135,4,1.1928523994475042
-32.5,-230,64,0.39893185241665446,4,1.1967955572499633
-22.5,-230,181,0.39386920732669506,4,1.1816076219800853
-12.5,-230,298,0.3963663962624121,4,1.1890991887872364
-2.5,-230,682,0.39569349101492907,4,1.1870804730447873
7.5,-230,562,0.39267958386750135,4,1.1780387516025039
17.5,-230,439,0.38995730405598555,4,1.1698719121679568
27.5,-230,310,0.38854113802789259,4,1.1656234140836779
37.5,-230,175,0.39118583517638406,4,1.1735575055291523
47.5,-230,126,0.3879435253572705,4,1.1638305760718115
57.5,-230,106,0.38814271924390104,4,1.1644281577317031
67.5,-230,81,0.38872801800199069,4,1.166184054005972
77.5,-230,51,0.3940082405871741,14,1.1820247217615221
87.5,-230,91,0.39110540590694182,14,1.1733162177208254
97.5,-230,124,0.38624705871201814,14,1.1587411761360544
107.5,-230,134,0.3894458234645789,14,1.1683374703937368
117.5,-230,127,0.38913808319024973,14,1.1674142495707494
127.5,-230,59,0.3830130122839745,14,1.1490390368519234
137.5,-230,32,0.38245397921434932,14,1.1473619376430482
147.5,-230,19,0.3807676552591957,14,1.1423029657775872
157.5,-230,6,0.37621392554799921,14,1.1286417766439976
167.5,-230,3,0.37224300033113444,14,1.1167290009934034
177.5,-230,1,0.36945986628875915,14,1.1083795988662775
187.5,-230,0,0.35715027377845288,14,1.0714508213353586
197.5,-230,0,0.34334530525824813,14,1.0300359157747443
207.5,-230,0,0.33106297992821598,14,0.99318893978464795
217.5,-230,0,0.33349510693620116,14,1.0004853208086035
227.5,-230,0,0.30656931766032958,16,0.91970795298098862
237.5,-230,0,0.23715244618613118,16,0.71145733855839355
247.5,-230,0,0.24232163366434634,16,0.72696490099303901
257.5,-230,0,0.20953502483055242,16,0.62860507449165726
-52.5,-220,0,0.40443289004186994,8,0.80886578008373988
-42.5,-220,0,0.39947550021606204,8,0.79895100043212408
-32.5,-220,1,0.39946192981252909,8,0.79892385962505819
-22.5,-220,5,0.39694814958174524,8,0.79389629916349047
-12.5,-220,8,0.39624690423937042,8,0.79249380847874085
-2.5,-220,26,0.39544328087561254,8,0.79088656175122507
7.5,-220,21,0.39523806403613293,8,0.79047612807226586
17.5,-220,12,0.39366800844068101,8,0.78733601688136201
27.5,-220,6,0.39082498488085177,8,0.78164996976170353
37.5,-220,3,0.39345992451032297,8,0.78691984902064593
47.5,-220,4,0.39191485664943632,8,0.78382971329887263
57.5,-220,6,0.39174000863799302,8,0.78348001727598604
67.5,-220,1,0.39236224129728714,8,0.78472448259457428
77.5,-220,4,0.3966692648848642,10,0.79333852976972841
87.5,-220,14,0.38871042345932744,10,0.77742084691865487
97.5,-220,55,0.39469490145038977,14,1.1840847043511691
107.5,-220,155,0.39044473608562869,14,1.1713342082568858
117.5,-220,198,0.38674896027279598,14,1.1602468808183879
127.5,-220,181,0.38450624095336194,14,1.1535187228600858
137.5,-220,124,0.37806326899874759,14,1.1341898069962428
147.5,-220,69,0.3789947956097216,14,1.1369843868291649
157.5,-220,28,0.37394994148404814,14,1.1218498244521444
167.5,-220,17,0.36801916846506821,14,1.1040575053952044
177.5,-220,5,0.3629494482451347,14,1.088848344735404
187.5,-220,4,0.35730293034018556,14,1.0719087910205567
197.5,-220,0,0.34462153752720215,14,1.0338646125816064
207.5,-220,1,0.32998774245819851,14,0.98996322737459552
217.5,-220,0,0.30977859712237571,16,0.92933579136712707
227.5,-220,0,0.31848719708661066,16,0.9554615912598321
237.5,-220,0,0.30161624975856099,16,0.90484874927568304
247.5,-220,0,0.26250775094882356,16,0.78752325284647073
257.5,-220,0,0.26759498779577989,16,0.80278496338733973
-52.5,-210,0,0.41111968582619884,8,0.82223937165239769
-42.5,-210,0,0.40702794070192017,8,0.81405588140384033
-32.5,-210,9,0.39974793097408023,8,0.79949586194816047
-22.5,-210,31,0.39864883334707746,8,0.79729766669415492
-12.5,-210,46,0.39744439565748535,8,0.7948887913149707
-2.5,-210,79,0.39701368434492795,8,0.79402736868985591
7.5,-210,44,0.39628959815776921,8,0.79257919631553841
17.5,-210,40,0.39475037629130044,8,0.78950075258260088
27.5,-210,35,0.39604962937684579,8,0.79209925875369158
37.5,-210,27,0.39585329343854969,8,0.79170658687709938
47.5,-210,26,0.39193203804911425,8,0.7838640760982285
57.5,-210,26,0.39448003994303671,8,0.78896007988607342
67.5,-210,16,0.39424988325887333,8,0.78849976651774667
77.5,-210,16,0.39675092118559474,10,0.79350184237118948
87.5,-210,14,0.39513096838865891,10,0.79026193677731782
97.5,-210,6,0.39499096428964492,10,0.78998192857928984
107.5,-210,16,0.39197188921222154,10,0.78394377842444307
117.5,-210,111,0.38926457677428322,14,1.1677937303228498
127.5,-210,243,0.38156887322546207,14,1.1447066196763862
137.5,-210,271,0.37688500958691168,14,1.1306550287607351
147.5,-210,221,0.37615900827456611,14,1.1284770248236982
157.5,-210,97,0.37309796062421946,14,1.1192938818726585
167.5,-210,72,0.36625411191886986,14,1.0987623357566096
177.5,-210,39,0.36139526007467315,14,1.0841857802240196
187.5,-210,9,0.36136917719356848,14,1.0841075315807054
197.5,-210,3,0.35301302105348792,14,1.0590390631604638
207.5,-210,3,0.34271527487351788,16,1.0281458246205535
217.5,-210,1,0.33346857069518338,16,1.0004057120855501
227.5,-210,0,0.30989652008284491,16,0.92968956024853466
237.5,-210,1,0.31471311168402644,16,0.94413933505207914
247.5,-210,0,0.30599332463524281,16,0.9179799739057285
257.5,-210,0,0.27295259040882652,16,0.81885777122647951
-52.5,-200,0,0.40786137832967767,8,0.81572275665935534
-42.5,-200,1,0.41634128956249106,8,0.83268257912498211
-32.5,-200,7,0.40818820325469185,8,0.8163764065093837
-22.5,-200,27,0.40236885833283464,8,0.80473771666566929
-12.5,-200,46,0.39833541619028673,8,0.79667083238057346
-2.5,-200,96,0.39809793142769462,8,0.79619586285538924
7.5,-200,62,0.39735085198007797,8,0.79470170396015594
17.5,-200,59,0.39841597477683161,8,0.79683194955366321
27.5,-200,41,0.39848436485701122,8,0.79696872971402244
37.5,-200,27,0.39499874831357051,8,0.78999749662714103
47.5,-200,30,0.39677893292503813,8,0.79355786585007626
57.5,-200,33,0.39221102788156387,8,0.78442205576312773
67.5,-200,28,0.39546880607278911,8,0.79093761214557823
77.5,-200,29,0.39714994423571698,10,0.79429988847143396
87.5,-200,29,0.3958824302843143,10,0.7917648605686286
97.5,-200,28,0.39653876374037855,10,0.79307752748075711
107.5,-200,14,0.39193915577154437,10,0.78387831154308873
117.5,-200,6,0.39085824958617554,10,0.78171649917235109
127.5,-200,29,0.38460512627371446,10,0.76921025254742892
137.5,-200,183,0.38374001674145181,14,1.1512200502243555
147.5,-200,292,0.37964647269676494,14,1.1389394180902948
157.5,-200,197,0.37111405943260733,14,1.1133421782978221
167.5,-200,133,0.36832544653475957,14,1.1049763396042789
177.5,-200,92,0.36273197824552122,14,1.0881959347365637
187.5,-200,30,0.36139454191600812,14,1.0841836257480244
197.5,-200,14,0.3559570543241421,16,1.0678711629724262
207.5,-200,7,0.35296368890185686,16,1.0588910667055704
217.5,-200,2,0.34376497937303829,16,1.0312949381191148
227.5,-200,3,0.32487146182332632,16,0.97461438546997892
237.5,-200,3,0.32928311123017989,16,0.98784933369053973
247.5,-200,0,0.29456247284711667,16,0.88368741854135002
257.5,-200,2,0.29195869690725212,16,0.87587609072175643
-52.5,-190,0,0.41723834796041076,8,0.83447669592082152
-42.5,-190,1,0.40528627929042144,8,0.81057255858084287
-32.5,-190,6,0.41132499672383793,8,0.82264999344767586
-22.5,-190,41,0.41149553785063897,8,0.82299107570127794
-12.5,-190,60,0.40577599614171189,8,0.81155199228342378
-2.5,-190,136,0.40110407166797801,8,0.80220814333595603
7.5,-190,76,0.39800821777296602,8,0.79601643554593204
17.5,-190,58,0.39818128295677174,8,0.79636256591354349
27.5,-190,55,0.39697140252403612,8,0.79394280504807224
37.5,-190,36,0.39457661316200249,8,0.78915322632400497
47.5,-190,41,0.39871099344855221,8,0.79742198689710442
57.5,-190,34,0.39835756094292291,8,0.79671512188584581
67.5,-190,35,0.39951044769186289,8,0.79902089538372578
77.5,-190,43,0.40053207939955038,10,0.80106415879910076
87.5,-190,43,0.40143713617078819,10,0.80287427234157638
97.5,-190,31,0.40124651007633655,10,0.8024930201526731
107.5,-190,17,0.39663576634347242,10,0.79327153268694484
117.5,-190,25,0.39134766908216861,10,0.78269533816433723
127.5,-190,13,0.3897615053196779,10,0.77952301063935581
137.5,-190,12,0.38433887540614065,10,0.76867775081228129
147.5,-190,183,0.3778704825162218,14,1.1336114475486654
157.5,-190,282,0.37329911470720928,14,1.1198973441216278
167.5,-190,260,0.36843547190858417,14,1.1053064157257524
177.5,-190,179,0.36463628648812163,14,1.0939088594643649
187.5,-190,93,0.35877621229141921,16,1.0763286368742577
197.5,-190,36,0.35606158087993706,16,1.0681847426398112
207.5,-190,16,0.3520386307795062,16,1.0561158923385185
217.5,-190,4,0.34777776753597284,16,1.0433333026079186
227.5,-190,4,0.33245455246924893,16,0.9973636574077468
237.5,-190,4,0.3186096887794439,16,0.95582906633833176
247.5,-190,0,0.30962980672582308,16,0.92888942017746912
257.5,-190,0,0.28154933109513564,16,0.84464799328540696
-52.5,-180,0,0.41085103747087914,8,0.82170207494175829
-42.5,-180,0,0.40936523826245569,8,0.81873047652491138
-32.5,-180,10,0.40692389470730994,8,0.81384778941461988
-22.5,-180,41,0.40827670600205551,8,0.81655341200411102
-12.5,-180,86,0.40658007927570949,8,0.81316015855141899
-2.5,-180,168,0.40313588443481568,8,0.80627176886963137
7.5,-180,149,0.39964975825806459,8,0.79929951651612918
17.5,-180,122,0.39822563233966934,8,0.79645126467933869
27.5,-180,92,0.3979445450245232,8,0.7958890900490464
37.5,-180,77,0.39989435802617296,8,0.79978871605234592
47.5,-180,76,0.39946474779040797,8,0.79892949558081594
57.5,-180,70,0.40078487688618342,8,0.80156975377236683
67.5,-180,59,0.40053437748596232,8,0.80106875497192465
77.5,-180,59,0.40494946403832588,10,0.80989892807665176
87.5,-180,64,0.40546534535570811,10,0.81093069071141621
97.5,-180,53,0.40452958509609688,10,0.80905917019219376
107.5,-180,35,0.39832870542157289,10,0.79665741084314579
117.5,-180,40,0.39626046036885187,10,0.79252092073770375
127.5,-180,27,0.39134853488799981,10,0.78269706977599962
137.5,-180,23,0.38472027557239963,10,0.76944055114479926
147.5,-180,16,0.37931968305760266,10,0.75863936611520533
157.5,-180,152,0.37445587265296787,14,1.1233676179589036
167.5,-180,370,0.37052132342886113,14,1.1115639702865836
177.5,-180,401,0.36296747152357151,16,1.0889024145707145
187.5,-180,172,0.35618538940388289,16,1.0685561682116487
197.5,-180,111,0.35385515124399514,16,1.0615654537319854
207.5,-180,56,0.35261317881214693,16,1.0578395364364408
217.5,-180,17,0.34889036610510082,16,1.0466710983153025
227.5,-180,11,0.34145308618607956,16,1.0243592585582386
237.5,-180,11,0.32683666486096818,16,0.98050999458290444
247.5,-180,2,0.31110199810879419,16,0.93330599432638262
257.5,-180,3,0.29537157671765529,16,0.88611473015296582
-52.5,-170,0,0.42189092563757213,8,0.84378185127514427
-42.5,-170,2,0.41156701107276222,8,0.82313402214552445
-32.5,-170,11,0.40565651615648124,8,0.81131303231296248
-22.5,-170,44,0.40530285301846392,8,0.81060570603692783
-12.5,-170,79,0.40210015164874996,8,0.80420030329749992
-2.5,-170,198,0.40185424044314927,8,0.80370848088629854
7.5,-170,161,0.403446696634229,8,0.80689339326845799
17.5,-170,123,0.40183787688705019,8,0.80367575377410039
27.5,-170,129,0.39810837381076247,8,0.79621674762152495
37.5,-170,115,0.39802261210710155,8,0.7960452242142031
47.5,-170,75,0.3984254566374747,8,0.79685091327494939
57.5,-170,82,0.40429978163891206,8,0.80859956327782412
67.5,-170,84,0.40242542223901334,8,0.80485084447802668
77.5,-170,76,0.40527678171463616,10,0.81055356342927232
87.5,-170,98,0.40421609605239728,10,0.80843219210479456
97.5,-170,82,0.40475759957277163,10,0.80951519914554326
107.5,-170,46,0.40411802078602549,10,0.80823604157205098
117.5,-170,70,0.39918018700521096,10,0.79836037401042192
127.5,-170,45,0.39345934641413777,10,0.78691869282827553
137.5,-170,33,0.38714842724213433,10,0.77429685448426866
147.5,-170,25,0.37731582570032463,10,0.75463165140064925
157.5,-170,8,0.3733831005772878,10,0.74676620115457559
167.5,-170,97,0.36993019420037387,16,1.1097905826011216
177.5,-170,379,0.36724891622730582,16,1.1017467486819175
187.5,-170,301,0.35941426658462411,16,1.0782427997538724
197.5,-170,203,0.35664337368196875,16,1.069930121045906
207.5,-170,100,0.35358358812249169,16,1.0607507643674752
217.5,-170,30,0.35044783684779029,16,1.0513435105433711
227.5,-170,15,0.3459479481270375,16,1.0378438443811127
237.5,-170,13,0.33972180207862229,16,1.019165406235867
247.5,-170,5,0.31982870177876482,16,0.95948610533629464
257.5,-170,4,0.29205098575388783,16,0.87615295726166342
-52.5,-160,0,0.4050046964281615,8,0.81000939285632301
-42.5,-160,1,0.41113035227821487,3,0.82226070455642974
-32.5,-160,6,0.40224098317912987,3,0.80448196635825975
-22.5,-160,42,0.40286983973570506,3,0.80573967947141012
-12.5,-160,105,0.39988403840802855,3,0.79976807681605711
-2.5,-160,188,0.40028702891128948,3,0.80057405782257895
7.5,-160,175,0.39807137923958241,3,0.79614275847916482
17.5,-160,146,0.39921835020250435,3,0.79843670040500869
27.5,-160,145,0.39686130192465863,3,0.79372260384931725
37.5,-160,122,0.39789054068142393,8,0.79578108136284786
47.5,-160,91,0.3997266418078162,8,0.79945328361563239
57.5,-160,120,0.40048299297388679,8,0.80096598594777357
67.5,-160,93,0.40041131564920474,8,0.80082263129840947
77.5,-160,93,0.40104869504350071,10,0.80209739008700143
87.5,-160,110,0.40797769722734045,10,0.8159553944546809
97.5,-160,91,0.40895508593153906,10,0.81791017186307813
107.5,-160,84,0.40713322925224077,10,0.81426645850448154
117.5,-160,81,0.4015862842560996,10,0.8031725685121992
127.5,-160,90,0.39887396562139371,10,0.79774793124278742
137.5,-160,65,0.39138629316674839,10,0.78277258633349678
147.5,-160,46,0.38019305976813245,10,0.76038611953626489
157.5,-160,18,0.37567567865485069,10,0.75135135730970137
167.5,-160,7,0.37017884997909434,10,0.74035769995818868
177.5,-160,135,0.36419225558794699,16,1.0925767667638411
187.5,-160,359,0.36179494657513472,16,1.0853848397254042
197.5,-160,340,0.35663099694394379,16,1.0698929908318313
207.5,-160,199,0.35428432179329683,16,1.0628529653798904
217.5,-160,71,0.34981472295346649,16,1.0494441688603995
227.5,-160,36,0.34739526215543737,16,1.0421857864663122
237.5,-160,10,0.34217449707037806,16,1.0265234912111341
247.5,-160,6,0.33620234107527952,16,1.0086070232258386
257.5,-160,1,0.30377611653249531,16,0.91132834959748599
-52.5,-150,0,0.39803110412871023,3,0.79606220825742047
-42.5,-150,1,0.40576994346607964,3,0.81153988693215928
-32.5,-150,9,0.40393188490283327,3,0.80786376980566654
-22.5,-150,34,0.40188528871115969,3,0.80377057742231939
-12.5,-150,92,0.39562480067689526,3,0.79124960135379052
-2.5,-150,204,0.3939680496105627,3,0.7879360992211254
7.5,-150,176,0.39493575212236487,3,0.78987150424472974
17.5,-150,138,0.39328138059061984,3,0.78656276118123969
27.5,-150,169,0.39326924556295412,3,0.78653849112590823
37.5,-150,137,0.39564352418891996,3,0.79128704837783992
47.5,-150,104,0.39619994675567133,3,0.79239989351134266
57.5,-150,117,0.3968816064676407,3,0.7937632129352814
67.5,-150,125,0.40176511399027465,8,0.80353022798054929
77.5,-150,122,0.40353376255615658,10,0.80706752511231317
87.5,-150,141,0.40724168306548458,10,0.81448336613096917
97.5,-150,123,0.41140022469091142,10,0.82280044938182284
107.5,-150,124,0.40667584186196848,10,0.81335168372393696
117.5,-150,148,0.40405274864197194,10,0.80810549728394387
127.5,-150,122,0.40212687208103154,10,0.80425374416206308
137.5,-150,115,0.39260494352976461,10,0.78520988705952921
147.5,-150,86,0.38381349822601302,10,0.76762699645202603
157.5,-150,36,0.37688566333627183,10,0.75377132667254365
167.5,-150,23,0.3710558572101843,10,0.74211171442036861
177.5,-150,17,0.36476546156683748,10,0.72953092313367496
187.5,-150,216,0.35996796695781985,16,1.0799039008734597
197.5,-150,406,0.3590956479903345,16,1.0772869439710036
207.5,-150,305,0.35193073288313836,16,1.055792198649415
217.5,-150,155,0.34734186231604491,16,1.0420255869481347
227.5,-150,79,0.34249084252115153,16,1.0274725275634546
237.5,-150,31,0.34143134324761548,16,1.0242940297428464
247.5,-150,8,0.33700085877663544,16,1.0110025763299062
257.5,-150,5,0.32123733436454893,16,0.96371200309364691
-52.5,-140,0,0.38215225084736282,3,0.76430450169472564
-42.5,-140,0,0.39815683294255466,3,0.79631366588510932
-32.5,-140,5,0.39753379749071543,3,0.79506759498143087
-22.5,-140,27,0.39776645379960746,3,0.79553290759921491
-12.5,-140,50,0.39040174607763295,3,0.7808034921552659
-2.5,-140,118,0.39086826410273018,3,0.78173652820546036
7.5,-140,118,0.38844426003524252,3,0.77688852007048503
17.5,-140,112,0.38989886057584938,3,0.77979772115169876
27.5,-140,124,0.38938723695762312,3,0.77877447391524623
37.5,-140,86,0.39214751471888132,3,0.78429502943776264
47.5,-140,87,0.39487776349489079,3,0.78975552698978158
57.5,-140,85,0.3956393398248188,3,0.79127867964963761
67.5,-140,79,0.40131513926571427,3,0.80263027853142854
77.5,-140,97,0.40412408187493626,3,0.80824816374987252
87.5,-140,125,0.40788091933820281,10,0.81576183867640562
97.5,-140,90,0.40719184331068226,10,0.81438368662136451
107.5,-140,116,0.40425470169339101,10,0.80850940338678201
117.5,-140,144,0.4007286287251911,10,0.80145725745038221
127.5,-140,154,0.40109148511726084,10,0.80218297023452168
137.5,-140,109,0.39448669010225113,10,0.78897338020450225
147.5,-140,116,0.38608755460633326,10,0.77217510921266652
157.5,-140,66,0.38015187959733832,10,0.76030375919467663
167.5,-140,47,0.37388299190090046,10,0.74776598380180093
177.5,-140,21,0.36686185692658141,10,0.73372371385316282
187.5,-140,14,0.36056792173585417,10,0.72113584347170834
197.5,-140,213,0.35680248796503922,16,1.0704074638951178
207.5,-140,345,0.35468435534860032,16,1.064053066045801
217.5,-140,207,0.34900276100495337,16,1.0470082830148602
227.5,-140,108,0.34376425469472677,16,1.0312927640841805
237.5,-140,42,0.34135615308569334,16,1.0240684592570801
247.5,-140,18,0.33559902985896067,16,1.0067970895768821
257.5,-140,7,0.32743997126098645,16,0.98231991378295935
-52.5,-130,0,0.38300483320352391,3,0.76600966640704782
-42.5,-130,1,0.39018025542399448,3,0.78036051084798896
-32.5,-130,3,0.38870389568705688,3,0.77740779137411375
-22.5,-130,28,0.38277843504790776,3,0.76555687009581552
-12.5,-130,43,0.38623076222134128,3,0.77246152444268257
-2.5,-130,122,0.38994015936929211,3,0.77988031873858421
7.5,-130,125,0.3889105037588157,3,0.77782100751763139
17.5,-130,113,0.38776303570334053,3,0.77552607140668106
27.5,-130,110,0.38837794657272851,3,0.77675589314545701
37.5,-130,86,0.38897781490427225,3,0.77795562980854449
47.5,-130,77,0.39329631043108287,3,0.78659262086216575
57.5,-130,92,0.39576886124403404,3,0.79153772248806809
67.5,-130,58,0.39922987797055759,3,0.79845975594111518
77.5,-130,75,0.40260451140050491,3,0.80520902280100981
87.5,-130,101,0.40423757111152298,3,0.80847514222304595
97.5,-130,96,0.40299842294171312,10,0.80599684588342624
107.5,-130,98,0.4039762645354566,10,0.80795252907091319
117.5,-130,162,0.39970868628209966,10,0.79941737256419931
127.5,-130,138,0.39836752521947238,10,0.79673505043894477
137.5,-130,155,0.39306008045136637,10,0.78612016090273273
147.5,-130,147,0.38823118246403998,10,0.77646236492807996
157.5,-130,99,0.3860773113491523,10,0.77215462269830459
167.5,-130,66,0.37678142898739497,10,0.75356285797478995
177.5,-130,39,0.3697965286875784,10,0.73959305737515679
187.5,-130,11,0.36345682640099697,12,0.72691365280199394
197.5,-130,56,0.35816880711332344,16,1.0745064213399702
207.5,-130,335,0.35523366755072028,16,1.0657010026521607
217.5,-130,253,0.35136298326182286,16,1.0540889497854686
227.5,-130,183,0.34628541183051037,16,1.0388562354915309
237.5,-130,70,0.34272973988744199,16,1.0281892196623259
247.5,-130,21,0.33650363482786816,16,1.0095109044836046
257.5,-130,8,0.33449091844165568,16,1.0034727553249672
-52.5,-120,0,0.37693934025007825,3,0.7538786805001565
-42.5,-120,1,0.39084959670816749,3,0.78169919341633498
-32.5,-120,2,0.38545816518010645,3,0.7709163303602129
-22.5,-120,16,0.37860757545451823,3,0.75721515090903646
-12.5,-120,48,0.38039498282453982,3,0.76078996564907964
-2.5,-120,131,0.3846177899533314,3,0.7692355799066628
7.5,-120,113,0.38650366362076488,3,0.77300732724152976
17.5,-120,119,0.38642925842223136,3,0.77285851684446272
27.5,-120,117,0.38515073775041686,3,0.77030147550083372
37.5,-120,113,0.38764228937467166,3,0.77528457874934331
47.5,-120,83,0.38791946281917938,3,0.77583892563835877
57.5,-120,94,0.3924643813898257,3,0.7849287627796514
67.5,-120,79,0.39688454387504613,3,0.79376908775009225
77.5,-120,52,0.40079374421354835,3,0.80158748842709671
87.5,-120,105,0.40309299492292971,3,0.80618598984585943
97.5,-120,101,0.4062526419689606,3,0.81250528393792121
107.5,-120,107,0.40420229897091048,10,0.80840459794182096
117.5,-120,155,0.40334036363492171,10,0.80668072726984341
127.5,-120,165,0.40015487427351704,10,0.80030974854703407
137.5,-120,177,0.39553965426362425,10,0.7910793085272485
147.5,-120,191,0.39018444303008509,10,0.78036888606017019
157.5,-120,134,0.38738684092292042,10,0.77477368184584083
167.5,-120,117,0.38275127042456403,12,0.76550254084912805
177.5,-120,90,0.37326724192561439,12,0.74653448385122878
187.5,-120,33,0.36832637165647225,12,0.7366527433129445
197.5,-120,15,0.36256544641312022,12,0.72513089282624044
207.5,-120,220,0.35598887933020046,16,1.0679666379906014
217.5,-120,380,0.35172968237677665,16,1.0551890471303298
227.5,-120,257,0.34994592760694682,16,1.0498377828208403
237.5,-120,129,0.34259459645063051,16,1.0277837893518915
247.5,-120,31,0.3390583660964579,16,1.0171750982893739
257.5,-120,15,0.33605471891409855,16,1.0081641567422956
-52.5,-110,0,0.37838141593631547,3,0.75676283187263094
-42.5,-110,0,0.37925880646575838,3,0.75851761293151676
-32.5,-110,2,0.37471121967559534,3,0.74942243935119068
-22.5,-110,8,0.37405847011709936,3,0.74811694023419872
-12.5,-110,31,0.38304739575909552,3,0.76609479151819104
-2.5,-110,110,0.382756778749064,3,0.76551355749812799
7.5,-110,101,0.38138824528699056,3,0.76277649057398111
17.5,-110,105,0.3812012356908463,3,0.76240247138169259
27.5,-110,126,0.38205784776344709,3,0.76411569552689418
37.5,-110,102,0.38590452533875064,3,0.77180905067750127
47.5,-110,81,0.38889964107266062,3,0.77779928214532124
57.5,-110,78,0.39115604108974739,3,0.78231208217949477
67.5,-110,61,0.39238836408117445,3,0.78477672816234889
77.5,-110,51,0.39851056998279799,3,0.79702113996559598
87.5,-110,67,0.40356784253329814,3,0.80713568506659628
97.5,-110,68,0.40460250057635433,3,0.80920500115270866
107.5,-110,64,0.40367503363624507,6,0.80735006727249015
117.5,-110,110,0.39969282648489474,10,0.79938565296978947
127.5,-110,128,0.40064172624088412,10,0.80128345248176824
137.5,-110,154,0.39909862683827996,10,0.79819725367655991
147.5,-110,178,0.39608738344639433,10,0.79217476689278865
157.5,-110,121,0.3907903525338412,12,0.7815807050676824
167.5,-110,126,0.38462279384283743,12,0.76924558768567486
177.5,-110,87,0.37959243909897411,12,0.75918487819794822
187.5,-110,44,0.36882468656490924,12,0.73764937312981849
197.5,-110,23,0.36376897673655578,12,0.72753795347311156
207.5,-110,42,0.35626265998769546,12,0.71252531997539093
217.5,-110,250,0.35297725618802717,16,1.0589317685640813
227.5,-110,261,0.34938180333105306,16,1.0481454099931593
237.5,-110,162,0.34491065019679829,16,1.0347319505903949
247.5,-110,39,0.34104514983242162,16,1.0231354494972649
257.5,-110,13,0.33937306024294239,16,1.0181191807288272
-52.5,-100,0,0.37555323837786903,3,0.75110647675573805
-42.5,-100,0,0.36777968216025042,3,0.73555936432050084
-32.5,-100,2,0.37403139246375255,3,0.74806278492750511
-22.5,-100,8,0.38042819144437257,3,0.76085638288874513
-12.5,-100,34,0.38233260070193043,3,0.76466520140386085
-2.5,-100,140,0.37890794411766937,3,0.75781588823533874
7.5,-100,126,0.37787947344721651,3,0.75575894689443301
17.5,-100,135,0.37904772958396099,3,0.75809545916792198
27.5,-100,127,0.38122852377734484,3,0.76245704755468968
37.5,-100,83,0.38608478868928975,3,0.7721695773785795
47.5,-100,88,0.38489541511986014,3,0.76979083023972028
57.5,-100,77,0.38876885378277959,3,0.77753770756555918
67.5,-100,57,0.38845647020758362,3,0.77691294041516723
77.5,-100,44,0.39709979183184879,3,0.79419958366369758
87.5,-100,47,0.39997690100942523,3,0.79995380201885047
97.5,-100,40,0.40376342554091083,6,0.80752685108182165
107.5,-100,48,0.40202064433781542,6,0.80404128867563085
117.5,-100,86,0.4040159683221845,6,0.80803193664436901
127.5,-100,112,0.40019026867134483,10,0.80038053734268966
137.5,-100,133,0.40093231577236349,12,0.80186463154472698
147.5,-100,188,0.39681373302946266,12,0.79362746605892531
157.5,-100,136,0.39639290239606395,12,0.7927858047921279
167.5,-100,123,0.39003426613393027,12,0.78006853226786055
177.5,-100,109,0.38410194312503521,12,0.76820388625007041
187.5,-100,66,0.37795367534439722,12,0.75590735068879444
197.5,-100,25,0.36914745910332203,12,0.73829491820664406
207.5,-100,10,0.35986501422968808,12,0.71973002845937617
217.5,-100,125,0.35483236050084394,16,1.0644970815025319
227.5,-100,294,0.3510367686697769,16,1.0531103060093305
237.5,-100,155,0.34727324394765735,16,1.0418197318429721
247.5,-100,50,0.34438769550011478,16,1.0331630865003445
257.5,-100,18,0.34124090479048147,16,1.0237227143714445
-52.5,-90,0,0.39459173823500304,3,0.78918347647000608
-42.5,-90,0,0.36716129949541954,3,0.73432259899083907
-32.5,-90,1,0.3755166003770618,3,0.75103320075412361
-22.5,-90,5,0.38067595799639464,3,0.76135191599278929
-12.5,-90,33,0.3787614100372908,3,0.7575228200745816
-2.5,-90,148,0.37681874728016218,3,0.75363749456032436
7.5,-90,123,0.3777620197841956,3,0.7555240395683912
17.5,-90,147,0.3792174585098454,3,0.75843491701969079
27.5,-90,157,0.38079065121750061,3,0.76158130243500122
37.5,-90,113,0.38482232674465716,3,0.76964465348931432
47.5,-90,87,0.38383063275485874,3,0.76766126550971747
57.5,-90,72,0.38736943170456689,3,0.77473886340913378
67.5,-90,46,0.38870447467111374,3,0.77740894934222748
77.5,-90,44,0.39181023345796889,3,0.78362046691593779
87.5,-90,56,0.39685376742191431,6,0.79370753484382861
97.5,-90,54,0.39950437777626635,6,0.7990087555525327
107.5,-90,49,0.40321579604661811,6,0.80643159209323623
117.5,-90,65,0.40349510920618509,6,0.80699021841237017
127.5,-90,93,0.40417930228447912,6,0.80835860456895825
137.5,-90,159,0.40263614097073552,12,0.80527228194147105
147.5,-90,164,0.40174685232780527,12,0.80349370465561054
157.5,-90,137,0.3996003706120777,12,0.79920074122415541
167.5,-90,124,0.39389605151065549,12,0.78779210302131097
177.5,-90,131,0.39089905898145505,12,0.7817981179629101
187.5,-90,55,0.38179318932078588,12,0.76358637864157175
197.5,-90,39,0.37722614129519966,12,0.75445228259039931
207.5,-90,26,0.36563273376465377,12,0.73126546752930754
217.5,-90,54,0.36048074980701866,16,1.081442249421056
227.5,-90,263,0.35276647064943178,16,1.0582994119482951
237.5,-90,219,0.34912728198586196,16,1.0473818459575859
247.5,-90,89,0.34735089188277329,16,1.0420526756483199
257.5,-90,20,0.34443924390286079,16,1.0333177317085824
-52.5,-80,0,0.40706617341235851,3,0.81413234682471702
-42.5,-80,0,0.37726077158909765,3,0.75452154317819531
-32.5,-80,1,0.37237164801947453,0,0.74474329603894907
-22.5,-80,9,0.37537542407132701,0,0.75075084814265403
-12.5,-80,25,0.37069803253963513,0,0.74139606507927025
-2.5,-80,138,0.37204176266993083,0,0.74408352533986166
7.5,-80,146,0.37207551943366979,0,0.74415103886733958
17.5,-80,146,0.37602227448544678,0,0.75204454897089357
27.5,-80,150,0.37652891771993502,3,0.75305783543987004
37.5,-80,115,0.3771756174245387,3,0.7543512348490774
47.5,-80,87,0.38154620727285626,3,0.76309241454571253
57.5,-80,69,0.38515879464618924,3,0.77031758929237848
67.5,-80,34,0.38704981939879812,3,0.77409963879759625
77.5,-80,50,0.39271831640566285,6,0.7854366328113257
87.5,-80,41,0.39511136047606782,6,0.79022272095213564
97.5,-80,49,0.39930968892068758,6,0.79861937784137516
107.5,-80,37,0.4055391415346134,6,0.8110782830692268
117.5,-80,64,0.40815994389176824,6,0.81631988778353648
127.5,-80,73,0.40768709133105091,6,0.81537418266210182
137.5,-80,89,0.4068183910736492,12,0.8136367821472984
147.5,-80,107,0.40524696033135388,12,0.81049392066270776
157.5,-80,104,0.40174434377712259,12,0.80348868755424518
167.5,-80,124,0.39975740487759909,12,0.79951480975519817
177.5,-80,102,0.3969951354236414,12,0.7939902708472828
187.5,-80,75,0.38659182460300939,12,0.77318364920601879
197.5,-80,48,0.37607155981050017,12,0.75214311962100033
207.5,-80,30,0.36938302296381842,12,0.73876604592763684
217.5,-80,12,0.3619590008282203,12,0.7239180016564406
227.5,-80,180,0.35586188682565306,16,1.0675856604769591
237.5,-80,229,0.35295231709468833,16,1.0588569512840651
247.5,-80,104,0.34973032760557998,16,1.0491909828167401
257.5,-80,27,0.34846692150415598,16,1.0454007645124679
-52.5,-70,0,0.38689675616615404,3,0.77379351233230809
-42.5,-70,0,0.3774597073420618,0,0.7549194146841236
-32.5,-70,1,0.37709743666220669,0,0.75419487332441337
-22.5,-70,4,0.39428078987015464,0,0.78856157974030927
-12.5,-70,26,0.41013331480071796,0,0.82026662960143593
-2.5,-70,177,0.40911844460994201,0,0.81823688921988402
7.5,-70,191,0.40191857298017691,0,0.80383714596035383
17.5,-70,204,0.39196316777954082,0,0.78392633555908164
27.5,-70,223,0.37964438405851469,0,0.75928876811702939
37.5,-70,150,0.37302577501700707,0,0.74605155003401413
47.5,-70,121,0.37526748393952847,3,0.75053496787905694
57.5,-70,103,0.38234150826427743,3,0.76468301652855486
67.5,-70,67,0.38623073678028103,6,0.77246147356056205
77.5,-70,59,0.38776166784721183,6,0.77552333569442367
87.5,-70,66,0.39609473581500104,6,0.79218947163000208
97.5,-70,59,0.39883061192950092,6,0.79766122385900184
107.5,-70,50,0.40543622776820171,6,0.81087245553640341
117.5,-70,114,0.41229714472902473,6,0.82459428945804947
127.5,-70,77,0.41193473697719196,6,0.82386947395438392
137.5,-70,63,0.41201840332993789,6,0.82403680665987578
147.5,-70,97,0.40882954665140919,12,0.81765909330281838
157.5,-70,94,0.40900942854302674,12,0.81801885708605349
167.5,-70,123,0.40863679515765106,12,0.81727359031530211
177.5,-70,120,0.40126530577201136,12,0.80253061154402272
187.5,-70,72,0.39399693682201109,12,0.78799387364402218
197.5,-70,49,0.37858738791956137,12,0.75717477583912274
207.5,-70,25,0.37346764942127991,12,0.74693529884255982
217.5,-70,5,0.36416931091880561,12,0.72833862183761122
227.5,-70,85,0.35996579175052607,16,1.0798973752515781
237.5,-70,281,0.35631471922365943,16,1.0689441576709782
247.5,-70,109,0.35029557710232945,16,1.0508867313069885
257.5,-70,46,0.35236303856420981,16,1.0570891156926294
-52.5,-60,0,0.36499909851300455,0,0.7299981970260091
-42.5,-60,0,0.40411554432778041,0,0.80823108865556081
-32.5,-60,1,0.45459189518024906,0,0.90918379036049812
-22.5,-60,5,0.48539634564119249,0,0.97079269128238499
-12.5,-60,36,0.49373468353873762,0,0.98746936707747524
-2.5,-60,185,0.48572345586730498,0,0.97144691173460995
7.5,-60,269,0.47437809387462604,0,0.94875618774925208
17.5,-60,260,0.45031806331341007,0,0.90063612662682013
27.5,-60,264,0.41898618831542311,0,0.83797237663084623
37.5,-60,191,0.38845528652443201,0,0.77691057304886402
47.5,-60,145,0.37982558162415625,0,0.7596511632483125
57.5,-60,152,0.38385361196489565,6,0.76770722392979129
67.5,-60,105,0.38225306744406945,6,0.7645061348881389
77.5,-60,105,0.38326088106529088,6,0.76652176213058176
87.5,-60,88,0.39324529089445714,6,0.78649058178891429
97.5,-60,98,0.40071171708105435,6,0.80142343416210871
107.5,-60,92,0.40512302205581513,6,0.81024604411163026
117.5,-60,78,0.41039478730516143,6,0.82078957461032287
127.5,-60,60,0.41283451199488991,6,0.82566902398977982
137.5,-60,52,0.41385505439395515,6,0.82771010878791029
147.5,-60,97,0.41166289744272083,12,0.82332579488544166
157.5,-60,105,0.40945659694337289,12,0.81891319388674577
167.5,-60,124,0.4089657591318222,12,0.81793151826364441
177.5,-60,146,0.40095663316535274,12,0.80191326633070548
187.5,-60,83,0.39740610651084946,12,0.79481221302169891
197.5,-60,57,0.38187687770831996,12,0.76375375541663992
207.5,-60,30,0.37659493002537475,12,0.7531898600507495
217.5,-60,4,0.36506853570296882,12,0.73013707140593764
227.5,-60,47,0.36123806144100951,16,1.0837141843230285
237.5,-60,270,0.35786338685900998,16,1.0735901605770299
247.5,-60,147,0.34904154271181154,16,1.0471246281354347
257.5,-60,51,0.35264694805230962,16,1.0579408441569289
-52.5,-50,0,0.40283667375775128,0,0.80567334751550257
-42.5,-50,0,0.50823908826558539,0,1.0164781765311708
-32.5,-50,0,0.5597744218915236,0,1.1195488437830472
-22.5,-50,6,0.58247519963489514,0,1.1649503992697903
-12.5,-50,27,0.58173402776665584,0,1.1634680555333117
-2.5,-50,163,0.56987754768450261,0,1.1397550953690052
7.5,-50,255,0.55265627303125275,0,1.1053125460625055
17.5,-50,243,0.52707583855777707,0,1.0541516771155541
27.5,-50,242,0.48525949018206832,0,0.97051898036413664
37.5,-50,185,0.43586878464180429,0,0.87173756928360857
47.5,-50,156,0.40164271671309337,0,0.80328543342618675
57.5,-50,138,0.39005895942423702,0,0.78011791884847403
67.5,-50,68,0.38765860671487723,6,0.77531721342975446
77.5,-50,83,0.38849380721918664,6,0.77698761443837328
87.5,-50,89,0.39444283716780337,6,0.78888567433560675
97.5,-50,71,0.39994255620693747,6,0.79988511241387494
107.5,-50,61,0.40539400388331082,6,0.81078800776662163
117.5,-50,45,0.41332838230015806,6,0.82665676460031612
127.5,-50,48,0.41758505136870844,6,0.83517010273741688
137.5,-50,49,0.4151317715088268,6,0.83026354301765359
147.5,-50,84,0.41416854720917645,6,0.8283370944183529
157.5,-50,65,0.41449765015121681,12,0.82899530030243362
167.5,-50,96,0.41122483225919793,12,0.82244966451839585
177.5,-50,87,0.40673735968555069,12,0.81347471937110138
187.5,-50,91,0.40111383850977994,12,0.80222767701955988
197.5,-50,46,0.39197660315312211,12,0.78395320630624421
207.5,-50,31,0.38051753698726709,12,0.76103507397453418
217.5,-50,13,0.36923371300877406,12,0.73846742601754811
227.5,-50,10,0.36430240678883508,12,0.72860481357767015
237.5,-50,184,0.3613954004329421,16,1.0841862012988264
247.5,-50,142,0.35950669561629151,16,1.0785200868488745
257.5,-50,72,0.35742113423838751,16,1.0722634027151625
-52.5,-40,0,0.53213790830818042,0,1.0642758166163608
-42.5,-40,0,0.61137029140880927,0,1.2227405828176185
-32.5,-40,0,0.62592511493107506,0,1.2518502298621501
-22.5,-40,10,0.61839854814397788,0,1.2367970962879558
-12.5,-40,35,0.60636146574197858,0,1.2127229314839572
-2.5,-40,259,0.58828026897481955,0,1.1765605379496391
7.5,-40,353,0.57444980790255218,0,1.1488996158051044
17.5,-40,346,0.56164565018109203,0,1.1232913003621841
27.5,-40,332,0.54064608605951292,0,1.0812921721190258
37.5,-40,200,0.48915187086983325,0,0.9783037417396665
47.5,-40,156,0.43283023571934726,0,0.86566047143869451
57.5,-40,131,0.40086917826509516,0,0.80173835653019032
67.5,-40,88,0.39601022512664752,6,0.79202045025329504
77.5,-40,82,0.39814251642727755,6,0.7962850328545551
87.5,-40,70,0.40011439480515459,6,0.80022878961030919
97.5,-40,55,0.40547663786864974,6,0.81095327573729947
107.5,-40,38,0.40414265059971854,6,0.80828530119943709
117.5,-40,34,0.41299150559212705,6,0.8259830111842541
127.5,-40,39,0.41866841546291239,6,0.83733683092582478
137.5,-40,48,0.41371937234247164,6,0.82743874468494327
147.5,-40,76,0.41672358551406513,6,0.83344717102813026
157.5,-40,59,0.41343369482427511,12,0.82686738964855022
167.5,-40,77,0.40778287800439095,12,0.81556575600878189
177.5,-40,109,0.40243485673600904,12,0.80486971347201808
187.5,-40,89,0.39823555656910709,12,0.79647111313821417
197.5,-40,59,0.39240944411010081,12,0.78481888822020163
207.5,-40,26,0.37789049886349291,12,0.75578099772698581
217.5,-40,22,0.37252009952011528,12,0.74504019904023056
227.5,-40,11,0.36677360554808547,12,0.73354721109617094
237.5,-40,152,0.3643596812987201,16,1.0930790438961602
247.5,-40,133,0.36348535039146868,16,1.0904560511744061
257.5,-40,76,0.36461781846911584,16,1.0938534554073476
-52.5,-30,0,0.62823990408450792,0,1.2564798081690158
-42.5,-30,0,0.65697989280646574,0,1.3139597856129315
-32.5,-30,1,0.64572451854190527,0,1.2914490370838105
-22.5,-30,14,0.6284197951332402,0,1.2568395902664804
-12.5,-30,200,0.61147421706501148,0,1.222948434130023
-2.5,-30,1639,0.59381381922715448,0,1.187627638454309
7.5,-30,1249,0.57945779232146521,0,1.1589155846429304
17.5,-30,620,0.57004068821994958,0,1.1400813764398992
27.5,-30,416,0.55968280525049363,0,1.1193656105009873
37.5,-30,292,0.5331734373791559,0,1.0663468747583118
47.5,-30,210,0.46646278156810222,0,0.93292556313620445
57.5,-30,175,0.4170786159013341,0,0.83415723180266821
67.5,-30,126,0.40322785575517123,0,0.80645571151034245
77.5,-30,109,0.4018009472551603,6,0.8036018945103206
87.5,-30,75,0.40138570359162046,6,0.80277140718324091
97.5,-30,54,0.40565809004236508,6,0.81131618008473017
107.5,-30,50,0.4067468748951768,6,0.8134937497903536
117.5,-30,41,0.41245667834106586,6,0.82491335668213173
127.5,-30,41,0.41720158593996332,6,0.83440317187992663
137.5,-30,53,0.4181116760318056,6,0.8362233520636112
147.5,-30,82,0.41422441080397043,6,0.82844882160794087
157.5,-30,86,0.40902141883750143,12,0.81804283767500285
167.5,-30,81,0.40713277163145822,12,0.81426554326291645
177.5,-30,126,0.40327834238093552,12,0.80655668476187103
187.5,-30,110,0.39934719611644792,12,0.79869439223289584
197.5,-30,80,0.3923268942617969,12,0.7846537885235938
207.5,-30,59,0.38113148253056028,12,0.76226296506112057
217.5,-30,25,0.37663613986964312,12,0.75327227973928623
227.5,-30,9,0.37304440600854805,12,0.74608881201709609
237.5,-30,147,0.36968153819732102,16,1.109044614591963
247.5,-30,218,0.3668806746621992,16,1.1006420239865975
257.5,-30,100,0.36701947243388994,16,1.1010584173016698
-52.5,-20,0,0.68061284381833664,0,1.3612256876366733
-42.5,-20,0,0.67401215042326112,0,1.3480243008465222
-32.5,-20,2,0.64750766498439172,0,1.2950153299687834
-22.5,-20,46,0.6279517020880957,0,1.2559034041761914
-12.5,-20,606,0.61677482205052481,0,1.2335496441010496
-2.5,-20,3797,0.60616419635843322,0,1.2123283927168664
7.5,-20,2303,0.58883520772583331,0,1.1776704154516666
17.5,-20,916,0.57418123471936666,0,1.1483624694387333
27.5,-20,431,0.56618580072536961,0,1.1323716014507392
37.5,-20,310,0.55205118692474686,0,1.1041023738494937
47.5,-20,267,0.49406187080545783,0,0.98812374161091565
57.5,-20,234,0.43338233214383565,0,0.86676466428767129
67.5,-20,128,0.40938231334487019,0,0.81876462668974037
77.5,-20,104,0.40554226672819832,6,0.81108453345639664
87.5,-20,79,0.404333422482968,6,0.80866684496593599
97.5,-20,53,0.40397144964328074,6,0.80794289928656149
107.5,-20,43,0.41024005797373003,6,0.82048011594746006
117.5,-20,58,0.41098041886658121,6,0.82196083773316242
127.5,-20,54,0.41541697589626825,6,0.8308339517925365
137.5,-20,58,0.41432569590707752,6,0.82865139181415504
147.5,-20,75,0.41097333148714182,6,0.82194666297428365
157.5,-20,64,0.40667537880993587,12,0.81335075761987174
167.5,-20,81,0.39896737524712694,12,0.79793475049425389
177.5,-20,130,0.39871035765407919,12,0.79742071530815839
187.5,-20,98,0.39588619707128014,12,0.79177239414256029
197.5,-20,89,0.38819256185680889,12,0.77638512371361779
207.5,-20,54,0.38563958925407688,12,0.77127917850815375
217.5,-20,35,0.38012017024274725,12,0.76024034048549449
227.5,-20,12,0.3748511294817965,12,0.74970225896359299
237.5,-20,138,0.36718641265470792,16,1.1015592379641239
247.5,-20,222,0.36352953486794781,16,1.0905886046038433
257.5,-20,137,0.36735785532891763,16,1.1020735659867529
-52.5,-10,0,0.71517955620685902,0,1.430359112413718
-42.5,-10,0,0.67771111278265128,0,1.3554222255653026
-32.5,-10,4,0.64458885826921108,0,1.2891777165384222
-22.5,-10,70,0.62960626012825094,0,1.2592125202565019
-12.5,-10,1341,0.62734195856345742,0,1.2546839171269148
-2.5,-10,6878,0.62741867733412859,0,1.2548373546682572
7.5,-10,3436,0.60228691748279817,0,1.2045738349655963
17.5,-10,1409,0.5791121366090124,0,1.1582242732180248
27.5,-10,774,0.56518792614524405,0,1.1303758522904881
37.5,-10,523,0.55691690066223176,0,1.1138338013244635
47.5,-10,460,0.51322655460189781,0,1.0264531092037956
57.5,-10,374,0.4435029068064531,0,0.8870058136129062
67.5,-10,239,0.41345412130179987,0,0.82690824260359974
77.5,-10,193,0.40578843447642338,6,0.81157686895284675
87.5,-10,163,0.40665510392955451,6,0.81331020785910901
97.5,-10,108,0.40984199922744241,6,0.81968399845488482
107.5,-10,68,0.41270397590855484,6,0.82540795181710969
117.5,-10,83,0.41277456629485021,6,0.82554913258970042
127.5,-10,79,0.41618899380706936,6,0.83237798761413873
137.5,-10,119,0.41520715109141709,6,0.83041430218283419
147.5,-10,155,0.41214596424049954,6,0.82429192848099908
157.5,-10,118,0.4058695398591235,12,0.81173907971824699
167.5,-10,113,0.40475507895505364,12,0.80951015791010728
177.5,-10,175,0.40258294539767642,12,0.80516589079535283
187.5,-10,132,0.40148935295266769,12,0.80297870590533538
197.5,-10,105,0.39259703144434926,12,0.78519406288869853
207.5,-10,76,0.38745260861020553,12,0.77490521722041106
217.5,-10,43,0.38117453305133997,12,0.76234906610267994
227.5,-10,15,0.37758988566158208,12,0.75517977132316416
237.5,-10,205,0.37252009555692905,16,1.1175602866707872
247.5,-10,278,0.37071933058857703,16,1.1121579917657312
257.5,-10,126,0.36947597976588292,16,1.1084279392976486
-52.5,0,1,0.71638636296817537,1,1.4327727259363507
-42.5,0,0,0.67868533763976513,1,1.3573706752795303
-32.5,0,4,0.64464307096429452,1,1.289286141928589
-22.5,0,113,0.62997825698788601,1,1.259956513975772
-12.5,0,1621,0.62928872224188237,1,1.2585774444837647
-2.5,0,9369,0.63217374756057598,1,1.264347495121152
7.5,0,5096,0.60596618826075765,1,1.2119323765215153
17.5,0,2191,0.58034380570513311,1,1.1606876114102662
27.5,0,1147,0.56548482219142271,1,1.1309696443828454
37.5,0,995,0.55704012834842431,1,1.1140802566968486
47.5,0,826,0.51586054215439392,1,1.0317210843087878
57.5,0,589,0.44552928483183063,1,0.89105856966366126
67.5,0,385,0.41602680413556381,1,0.83205360827112762
77.5,0,311,0.40739838886237284,6,0.81479677772474568
87.5,0,254,0.40890101552579727,6,0.81780203105159455
97.5,0,171,0.41184332133202617,6,0.82368664266405234
107.5,0,132,0.41317340013677495,6,0.8263468002735499
117.5,0,163,0.41318504712407361,6,0.82637009424814722
127.5,0,158,0.41465080938637444,6,0.82930161877274888
137.5,0,183,0.41504029771194223,6,0.83008059542388446
147.5,0,234,0.41062379549294825,6,0.8212475909858965
157.5,0,182,0.40400098333245194,11,0.80800196666490387
167.5,0,198,0.40206692984634068,11,0.80413385969268136
177.5,0,255,0.399445831239785,11,0.79889166247957
187.5,0,238,0.39721736459708196,11,0.79443472919416391
197.5,0,218,0.3899003137912338,11,0.7798006275824676
207.5,0,145,0.3878266591222852,11,0.7756533182445704
217.5,0,76,0.38343306768856922,11,0.76686613537713844
227.5,0,23,0.37661226699648664,11,0.75322453399297329
237.5,0,297,0.37193306245881042,15,1.1157991873764312
247.5,0,406,0.36911400678235978,15,1.1073420203470794
257.5,0,211,0.3667837169888587,15,1.100351150966576
-52.5,10,1,0.69732066551060556,1,1.3946413310212111
-42.5,10,0,0.67866149524973385,1,1.3573229904994677
-32.5,10,1,0.64878161047894678,1,1.2975632209578936
-22.5,10,49,0.62942456870364727,1,1.2588491374072945
-12.5,10,813,0.62190900411692551,1,1.243818008233851
-2.5,10,5491,0.61680413219919372,1,1.2336082643983874
7.5,10,3069,0.59600955782535692,1,1.1920191156507138
17.5,10,1233,0.57699367125049839,1,1.1539873425009968
27.5,10,570,0.56571683766019265,1,1.1314336753203853
37.5,10,386,0.55583956837488324,1,1.1116791367497665
47.5,10,362,0.5061782211769793,1,1.0123564423539586
57.5,10,302,0.44019636083280217,1,0.88039272166560434
67.5,10,186,0.40919492568580068,1,0.81838985137160136
77.5,10,139,0.40612029451556952,6,0.81224058903113905
87.5,10,126,0.40768542849606276,6,0.81537085699212553
97.5,10,80,0.40766587184751263,6,0.81533174369502526
107.5,10,61,0.40978637408773705,6,0.8195727481754741
117.5,10,84,0.41150304447923602,6,0.82300608895847205
127.5,10,65,0.41158213392011134,6,0.82316426784022267
137.5,10,91,0.40734563912001798,6,0.81469127824003595
147.5,10,115,0.40991862275094176,6,0.81983724550188353
157.5,10,123,0.40461837543953832,11,0.80923675087907665
167.5,10,84,0.40175019034031961,11,0.80350038068063923
177.5,10,130,0.39733720029448649,11,0.79467440058897298
187.5,10,141,0.39486310221419796,11,0.78972620442839592
197.5,10,112,0.38972191626370978,11,0.77944383252741956
207.5,10,77,0.38291437686621227,11,0.76582875373242454
217.5,10,36,0.38051070028741379,11,0.76102140057482759
227.5,10,15,0.37575149479050196,11,0.75150298958100392
237.5,10,173,0.37112202770511848,15,1.1133660831153556
247.5,10,271,0.36728713402003027,15,1.1018614020600908
257.5,10,134,0.36355570698141831,15,1.0906671209442549
-52.5,20,0,0.64442959108377829,1,1.2888591821675566
-42.5,20,0,0.67443571007639647,1,1.3488714201527929
-32.5,20,2,0.65206677086753828,1,1.3041335417350766
-22.5,20,25,0.6313948220305432,1,1.2627896440610864
-12.5,20,471,0.61501503612198016,1,1.2300300722439603
-2.5,20,3512,0.60041463421217622,1,1.2008292684243524
7.5,20,2273,0.58530717391244047,1,1.1706143478248809
17.5,20,810,0.57367081136844988,1,1.1473416227368998
27.5,20,447,0.56486409524795156,1,1.1297281904959031
37.5,20,356,0.5429631649028972,1,1.0859263298057944
47.5,20,303,0.48383089688902675,1,0.9676617937780535
57.5,20,225,0.42780666876061435,1,0.8556133375212287
67.5,20,145,0.4053682294238774,1,0.8107364588477548
77.5,20,95,0.40426576606614534,6,0.80853153213229068
87.5,20,106,0.40423926907437718,6,0.80847853814875437
97.5,20,74,0.40533688670885076,6,0.81067377341770153
107.5,20,66,0.40996888116802443,6,0.81993776233604887
117.5,20,65,0.41436428305594081,6,0.82872856611188161
127.5,20,38,0.41326315212655346,6,0.82652630425310691
137.5,20,71,0.41318446169787076,6,0.82636892339574153
147.5,20,101,0.40747405847930296,6,0.81494811695860592
157.5,20,91,0.40209877869535043,11,0.80419755739070087
167.5,20,102,0.39763033463971997,11,0.79526066927943995
177.5,20,152,0.3934769846065011,11,0.7869539692130022
187.5,20,129,0.39328438856406145,11,0.7865687771281229
197.5,20,108,0.39010593134957289,11,0.78021186269914578
207.5,20,77,0.37963544126617182,11,0.75927088253234365
217.5,20,36,0.3747837631027563,11,0.74956752620551259
227.5,20,8,0.37153698992019701,11,0.74307397984039403
237.5,20,201,0.36948234870569613,15,1.1084470461170886
247.5,20,256,0.36453747672444048,15,1.0936124301733212
257.5,20,97,0.35968270415810139,15,1.0790481124743041
-52.5,30,0,0.578419413588105,1,1.15683882717621
-42.5,30,0,0.6356690747861854,1,1.2713381495723708
-32.5,30,0,0.64639622935765206,1,1.2927924587153041
-22.5,30,3,0.63086296482211979,1,1.2617259296442396
-12.5,30,54,0.6135751012699,1,1.2271502025398
-2.5,30,556,0.59609895502104648,1,1.192197910042093
7.5,30,622,0.58234448833065144,1,1.1646889766613029
17.5,30,427,0.57029778613168136,1,1.1405955722633627
27.5,30,330,0.55368813373622483,1,1.1073762674724497
37.5,30,227,0.51396367844136359,1,1.0279273568827272
47.5,30,226,0.45173036225606339,1,0.90346072451212678
57.5,30,141,0.40748933230121775,1,0.81497866460243551
67.5,30,94,0.39845726034936174,6,0.79691452069872348
77.5,30,93,0.40124229289180213,6,0.80248458578360427
87.5,30,63,0.40040694724882608,6,0.80081389449765217
97.5,30,60,0.4081585709074681,6,0.8163171418149362
107.5,30,36,0.41187274189436218,6,0.82374548378872436
117.5,30,44,0.4134940311591781,6,0.8269880623183562
127.5,30,43,0.41709450034973683,6,0.83418900069947366
137.5,30,51,0.41178394100855209,6,0.82356788201710418
147.5,30,72,0.4078170895580836,6,0.8156341791161672
157.5,30,70,0.40316307215387365,11,0.80632614430774729
167.5,30,86,0.39843747954193692,11,0.79687495908387385
177.5,30,118,0.39463473872083205,11,0.78926947744166409
187.5,30,84,0.39191449411241563,11,0.78382898822483127
197.5,30,68,0.38796648499349001,11,0.77593296998698003
207.5,30,38,0.37902757604832832,11,0.75805515209665664
217.5,30,24,0.37057956075374399,11,0.74115912150748797
227.5,30,6,0.3684066555148488,11,0.7368133110296976
237.5,30,186,0.36266561088928378,15,1.0879968326678513
247.5,30,194,0.35799830694480878,15,1.0739949208344264
257.5,30,65,0.35678115638701297,15,1.0703434691610387
-52.5,40,0,0.46217515563103917,1,0.92435031126207834
-42.5,40,0,0.56544599017306618,1,1.1308919803461324
-32.5,40,1,0.59663865128824545,1,1.1932773025764909
-22.5,40,3,0.609991895622777,1,1.219983791245554
-12.5,40,30,0.60150523892247454,1,1.2030104778449491
-2.5,40,204,0.58612976487793345,1,1.1722595297558669
7.5,40,335,0.56851456603839534,1,1.1370291320767907
17.5,40,302,0.55051284997113781,1,1.1010256999422756
27.5,40,339,0.51442354920324218,1,1.0288470984064844
37.5,40,202,0.46704258498747214,1,0.93408516997494428
47.5,40,160,0.41687755900984297,1,0.83375511801968594
57.5,40,144,0.3932347253395197,1,0.78646945067903939
67.5,40,78,0.39224696804654174,6,0.78449393609308349
77.5,40,61,0.39370519953704464,6,0.78741039907408927
87.5,40,97,0.39874258812575702,6,0.79748517625151405
97.5,40,60,0.40205728238515864,6,0.80411456477031729
107.5,40,64,0.4138633509178688,6,0.8277267018357376
117.5,40,48,0.41628164285188463,6,0.83256328570376925
127.5,40,40,0.41002900744647769,6,0.82005801489295538
137.5,40,50,0.40943142755279571,6,0.81886285510559143
147.5,40,82,0.40511696739583231,6,0.81023393479166461
157.5,40,81,0.40286682563961518,11,0.80573365127923036
167.5,40,89,0.39611901955078177,11,0.79223803910156354
177.5,40,138,0.39304285331153904,11,0.78608570662307808
187.5,40,87,0.3881667657713937,11,0.77633353154278739
197.5,40,68,0.38175381282911425,11,0.76350762565822849
207.5,40,48,0.37328218263261642,11,0.74656436526523284
217.5,40,15,0.36650770223499013,11,0.73301540446998026
227.5,40,17,0.36241527349833902,11,0.72483054699667804
237.5,40,206,0.36022660485155528,15,1.0806798145546659
247.5,40,155,0.35577092837753416,15,1.0673127851326025
257.5,40,66,0.35086270731244679,15,1.0525881219373403
-52.5,50,1,0.37190378008195818,1,0.74380756016391636
-42.5,50,0,0.455071666491285,1,0.91014333298257
-32.5,50,0,0.52339678522654143,1,1.0467935704530829
-22.5,50,5,0.53909455378447446,1,1.0781891075689489
-12.5,50,18,0.54264108660271393,1,1.0852821732054279
-2.5,50,145,0.53572748681074944,1,1.0714549736214989
7.5,50,252,0.51847654420810829,1,1.0369530884162166
17.5,50,301,0.49254740408976216,1,0.98509480817952433
27.5,50,283,0.45891346888429313,1,0.91782693776858626
37.5,50,209,0.41541065692130186,1,0.83082131384260371
47.5,50,175,0.38927420053045875,1,0.77854840106091749
57.5,50,128,0.38401361463659689,6,0.76802722927319378
67.5,50,96,0.38925699524818469,6,0.77851399049636938
77.5,50,81,0.39264551625934035,6,0.78529103251868071
87.5,50,95,0.39641932224389798,6,0.79283864448779595
97.5,50,83,0.40163325843916908,6,0.80326651687833817
107.5,50,71,0.40878928446199692,6,0.81757856892399383
117.5,50,79,0.40741908448623504,6,0.81483816897247008
127.5,50,43,0.40585207719069799,6,0.81170415438139598
137.5,50,54,0.41041067044324392,6,0.82082134088648784
147.5,50,81,0.40698986296086392,11,0.81397972592172785
157.5,50,91,0.40130239982811433,11,0.80260479965622866
167.5,50,112,0.39617710495899466,11,0.79235420991798933
177.5,50,149,0.38990187118033526,11,0.77980374236067052
187.5,50,116,0.38245184600099569,11,0.76490369200199138
197.5,50,74,0.37349851955688457,11,0.74699703911376913
207.5,50,47,0.36991029092573102,11,0.73982058185146204
217.5,50,19,0.36266256577975758,11,0.72532513155951517
227.5,50,40,0.35897824348368784,15,1.0769347304510637
237.5,50,274,0.35765531900002362,15,1.0729659570000709
247.5,50,136,0.35262992117442576,15,1.0578897635232771
257.5,50,59,0.34848841029405736,15,1.0454652308821721
-52.5,60,0,0.38482901347798409,2,0.76965802695596819
-42.5,60,0,0.37216391368754731,1,0.74432782737509462
-32.5,60,1,0.40979594998178814,1,0.81959189996357629
-22.5,60,2,0.4544843585554979,1,0.90896871711099581
-12.5,60,16,0.46748348778981313,1,0.93496697557962627
-2.5,60,114,0.46135902333104761,1,0.92271804666209523
7.5,60,193,0.44819887300319117,1,0.89639774600638233
17.5,60,217,0.42651831918470212,1,0.85303663836940424
27.5,60,250,0.39977208875658526,1,0.79954417751317053
37.5,60,172,0.38604619018068131,1,0.77209238036136263
47.5,60,126,0.3839854966851815,2,0.76797099337036301
57.5,60,119,0.38694942215686357,2,0.77389884431372713
67.5,60,74,0.38828843353575238,6,0.77657686707150475
77.5,60,70,0.39574454913367302,6,0.79148909826734604
87.5,60,76,0.39790826790401052,6,0.79581653580802103
97.5,60,71,0.40204952168971297,6,0.80409904337942595
107.5,60,72,0.41252310811829507,6,0.82504621623659014
117.5,60,94,0.41012760719028157,6,0.82025521438056315
127.5,60,59,0.41276761463768069,6,0.82553522927536138
137.5,60,66,0.41198823853620575,6,0.82397647707241151
147.5,60,98,0.40780298935849346,11,0.81560597871698692
157.5,60,82,0.40009476105774744,11,0.80018952211549488
167.5,60,99,0.39439332091292983,11,0.78878664182585967
177.5,60,124,0.38987647131386716,11,0.77975294262773431
187.5,60,85,0.38236922139346846,11,0.76473844278693692
197.5,60,47,0.37298730821925224,11,0.74597461643850449
207.5,60,41,0.36175167390526231,11,0.72350334781052461
217.5,60,14,0.35873120139612258,11,0.71746240279224516
227.5,60,69,0.35449341811842633,15,1.063480254355279
237.5,60,278,0.35095212878367538,15,1.0528563863510261
247.5,60,124,0.35282635799508505,15,1.0584790739852552
257.5,60,43,0.34847397748737713,15,1.0454219324621314
-52.5,70,0,0.42381589385594137,2,0.84763178771188274
-42.5,70,0,0.39210457892412592,2,0.78420915784825185
-32.5,70,0,0.38256529357665708,1,0.76513058715331417
-22.5,70,9,0.37641766104608287,1,0.75283532209216575
-12.5,70,13,0.38600216510855956,1,0.77200433021711912
-2.5,70,137,0.39007684026786899,1,0.78015368053573797
7.5,70,189,0.38895102985881352,1,0.77790205971762705
17.5,70,186,0.38332089006103226,1,0.76664178012206452
27.5,70,180,0.38029925587191826,2,0.76059851174383653
37.5,70,118,0.38236267542289148,2,0.76472535084578297
47.5,70,102,0.38395512262637949,2,0.76791024525275897
57.5,70,84,0.3887661251696799,2,0.7775322503393598
67.5,70,60,0.39078541758929952,2,0.78157083517859904
77.5,70,62,0.39666368267787394,6,0.79332736535574788
87.5,70,61,0.40020232613155926,6,0.80040465226311852
97.5,70,53,0.40286261311473576,6,0.80572522622947151
107.5,70,59,0.41020285925063915,6,0.8204057185012783
117.5,70,88,0.4119735186391153,6,0.8239470372782306
127.5,70,86,0.40917876946259862,6,0.81835753892519725
137.5,70,91,0.40804942085868934,11,0.81609884171737868
147.5,70,136,0.40890941767082228,11,0.81781883534164457
157.5,70,116,0.39960193844688452,11,0.79920387689376904
167.5,70,133,0.3908407343029412,11,0.78168146860588239
177.5,70,130,0.39063744990077076,11,0.78127489980154152
187.5,70,91,0.38047997145277973,11,0.76095994290555946
197.5,70,48,0.37276258480946772,11,0.74552516961893545
207.5,70,39,0.36217084271164035,11,0.7243416854232807
217.5,70,8,0.3561955732022094,11,0.71239114640441881
227.5,70,155,0.35005661076277222,15,1.0501698322883166
237.5,70,315,0.34831880134819199,15,1.044956404044576
247.5,70,98,0.34884659821865938,15,1.0465397946559782
257.5,70,44,0.34333247522980259,15,1.0299974256894078
-52.5,80,1,0.43735639906471441,2,0.87471279812942881
-42.5,80,0,0.40854394091614349,2,0.81708788183228698
-32.5,80,2,0.39581062053796812,2,0.79162124107593623
-22.5,80,10,0.38056437719101699,2,0.76112875438203398
-12.5,80,16,0.37906462995308365,2,0.75812925990616731
-2.5,80,130,0.38152023124228412,2,0.76304046248456825
7.5,80,145,0.37935308553112967,2,0.75870617106225935
17.5,80,140,0.38151529018937935,2,0.7630305803787587
27.5,80,173,0.38615409768808195,2,0.77230819537616391
37.5,80,105,0.3864976529465704,2,0.7729953058931408
47.5,80,94,0.38714841215235773,2,0.77429682430471547
57.5,80,78,0.38951255307891514,2,0.77902510615783027
67.5,80,55,0.39302964436504961,2,0.78605928873009923
77.5,80,39,0.39805670423722955,2,0.79611340847445911
87.5,80,41,0.39718961154589061,6,0.79437922309178122
97.5,80,53,0.40360358280529568,6,0.80720716561059136
107.5,80,40,0.40528764388891142,6,0.81057528777782284
117.5,80,71,0.40849031777255479,6,0.81698063554510958
127.5,80,102,0.40762796205180513,6,0.81525592410361025
137.5,80,144,0.40616918702198918,11,0.81233837404397835
147.5,80,186,0.40361933932114169,11,0.80723867864228338
157.5,80,147,0.39754013268220434,11,0.79508026536440868
167.5,80,151,0.39204382866715309,11,0.78408765733430619
177.5,80,157,0.39026937921808541,11,0.78053875843617082
187.5,80,88,0.37686087345917069,11,0.75372174691834137
197.5,80,56,0.36556284676031536,11,0.73112569352063073
207.5,80,23,0.35906447867886182,11,0.71812895735772364
217.5,80,34,0.35680624947687006,15,1.07041874843061
227.5,80,303,0.35322876659546643,15,1.0596862997863994
237.5,80,291,0.34677931673116652,15,1.0403379501934995
247.5,80,91,0.34477020865687225,15,1.0343106259706167
257.5,80,29,0.34554903315593738,15,1.0366470994678121
-52.5,90,0,0.43232095843705554,2,0.86464191687411107
-42.5,90,0,0.40312469414926855,2,0.8062493882985371
-32.5,90,0,0.39446699759141668,2,0.78893399518283336
-22.5,90,6,0.39379810264441101,2,0.78759620528882202
-12.5,90,27,0.38953938233201685,2,0.7790787646640337
-2.5,90,94,0.3852706455612277,2,0.7705412911224554
7.5,90,130,0.3853628664441085,2,0.770725732888217
17.5,90,107,0.38536795497519866,2,0.77073590995039731
27.5,90,122,0.38849829935954938,2,0.77699659871909876
37.5,90,102,0.39001546709492835,2,0.7800309341898567
47.5,90,77,0.39037079265725783,2,0.78074158531451565
57.5,90,81,0.39034268917453541,2,0.78068537834907081
67.5,90,50,0.39932202899638836,2,0.79864405799277671
77.5,90,63,0.39569198138368389,2,0.79138396276736778
87.5,90,57,0.39808410829420354,2,0.79616821658840708
97.5,90,60,0.40179156817067829,6,0.80358313634135659
107.5,90,51,0.40503227875611708,6,0.81006455751223416
117.5,90,66,0.40770102128754782,6,0.81540204257509563
127.5,90,100,0.40137420286028608,9,0.80274840572057216
137.5,90,152,0.40546433986251779,11,0.81092867972503557
147.5,90,185,0.40067331095069314,11,0.80134662190138628
157.5,90,145,0.40070838917529183,11,0.80141677835058367
167.5,90,125,0.3943315270401509,11,0.7886630540803018
177.5,90,112,0.38611816209627647,11,0.77223632419255295
187.5,90,91,0.37210452778017228,11,0.74420905556034456
197.5,90,41,0.36044757010582523,11,0.72089514021165046
207.5,90,11,0.35920616872544753,11,0.71841233745089506
217.5,90,136,0.35759766479608124,15,1.0727929943882437
227.5,90,278,0.35128715088859819,15,1.0538614526657946
237.5,90,215,0.34940053193414677,15,1.0482015958024402
247.5,90,60,0.3441505013534415,15,1.0324515040603246
257.5,90,15,0.34203311072489401,15,1.0260993321746821
-52.5,100,0,0.44596604754245561,2,0.89193209508491123
-42.5,100,0,0.4122628524225998,2,0.8245257048451996
-32.5,100,4,0.39069574571141513,2,0.78139149142283026
-22.5,100,10,0.38604314815889057,2,0.77208629631778114
-12.5,100,23,0.3856944097084769,2,0.77138881941695381
-2.5,100,94,0.38614966493135566,2,0.77229932986271133
7.5,100,99,0.38492810209434364,2,0.76985620418868728
17.5,100,79,0.3866295503042893,2,0.77325910060857861
27.5,100,119,0.39221921157313944,2,0.78443842314627887
37.5,100,76,0.39112886503142164,2,0.78225773006284327
47.5,100,81,0.39420133948299368,2,0.78840267896598737
57.5,100,71,0.3957028132049743,2,0.7914056264099486
67.5,100,55,0.3999816730666102,2,0.7999633461332204
77.5,100,56,0.3981474299278957,2,0.7962948598557914
87.5,100,58,0.3962846980283547,2,0.7925693960567094
97.5,100,65,0.39796954024888492,2,0.79593908049776985
107.5,100,67,0.3986781734570925,6,0.797356346914185
117.5,100,79,0.40129982555344035,9,0.8025996511068807
127.5,100,116,0.4019331042643503,9,0.80386620852870061
137.5,100,149,0.40099746395248986,9,0.80199492790497973
147.5,100,190,0.39974847893358584,9,0.79949695786717168
157.5,100,156,0.39837847708468355,11,0.79675695416936709
167.5,100,123,0.38930424117140527,11,0.77860848234281055
177.5,100,118,0.38138354503168859,11,0.76276709006337717
187.5,100,38,0.36928679030571265,11,0.73857358061142531
197.5,100,12,0.36054572715895389,11,0.72109145431790778
207.5,100,19,0.35612787635746346,11,0.71225575271492692
217.5,100,242,0.35584876180882907,15,1.0675462854264872
227.5,100,311,0.35242999087516713,15,1.0572899726255014
237.5,100,170,0.34701380591123249,15,1.0410414177336975
247.5,100,33,0.34728672988163484,15,1.0418601896449045
257.5,100,8,0.34576243750908525,15,1.0372873125272557
-52.5,110,0,0.42835732154523387,2,0.85671464309046774
-42.5,110,2,0.40304271608582243,2,0.80608543217164486
-32.5,110,3,0.38491433024278043,2,0.76982866048556087
-22.5,110,12,0.38285258278004675,2,0.76570516556009349
-12.5,110,31,0.38724394256713457,2,0.77448788513426914
-2.5,110,103,0.3871172417067652,2,0.77423448341353041
7.5,110,96,0.38721971335006256,2,0.77443942670012511
17.5,110,76,0.38821090496787924,2,0.77642180993575849
27.5,110,100,0.38869114835897395,2,0.7773822967179479
37.5,110,74,0.39298827768202799,2,0.78597655536405597
47.5,110,66,0.39245821004633308,2,0.78491642009266616
57.5,110,64,0.39365777183632139,2,0.78731554367264278
67.5,110,67,0.39175063254506143,2,0.78350126509012286
77.5,110,67,0.39345269344725303,2,0.78690538689450606
87.5,110,74,0.39477188173602368,2,0.78954376347204736
97.5,110,65,0.39706923735367344,2,0.79413847470734689
107.5,110,69,0.39738471870171438,9,0.79476943740342876
117.5,110,120,0.39678333200309213,9,0.79356666400618425
127.5,110,147,0.39899137769106147,9,0.79798275538212293
137.5,110,164,0.40077053306971239,9,0.80154106613942477
147.5,110,210,0.39784861395374149,9,0.79569722790748298
157.5,110,147,0.39204137045052068,9,0.78408274090104135
167.5,110,112,0.38120620482069395,11,0.7624124096413879
177.5,110,91,0.37440756429611938,11,0.74881512859223875
187.5,110,58,0.36567080160673393,11,0.73134160321346786
197.5,110,11,0.35985515747221125,11,0.7197103149444225
207.5,110,124,0.35642014832542251,15,1.0692604449762675
217.5,110,413,0.35290963316657392,15,1.0587288994997219
227.5,110,298,0.35187230164851679,15,1.0556169049455504
237.5,110,136,0.34883981457060631,15,1.046519443711819
247.5,110,33,0.34690636562855098,15,1.040719096885653
257.5,110,14,0.34150487594784812,15,1.0245146278435444
-52.5,120,0,0.4179222806429298,2,0.8358445612858596
-42.5,120,0,0.38918563815042184,2,0.77837127630084368
-32.5,120,4,0.39410981246748583,2,0.78821962493497166
-22.5,120,12,0.38503613502524858,2,0.77007227005049717
-12.5,120,30,0.38450264785854454,2,0.76900529571708909
-2.5,120,97,0.38863712895174712,2,0.77727425790349425
7.5,120,94,0.39102248913951637,2,0.78204497827903274
17.5,120,81,0.38984591846119732,2,0.77969183692239463
27.5,120,97,0.38951907300403887,2,0.77903814600807775
37.5,120,65,0.39126677635844859,2,0.78253355271689717
47.5,120,65,0.39330597889202046,2,0.78661195778404092
57.5,120,72,0.39335107997379748,2,0.78670215994759496
67.5,120,52,0.39186939509661467,2,0.78373879019322934
77.5,120,54,0.39143010634973385,2,0.78286021269946771
87.5,120,96,0.39252462336174476,2,0.78504924672348952
97.5,120,73,0.39387164497343546,9,0.78774328994687093
107.5,120,93,0.39471869876729493,9,0.78943739753458986
117.5,120,116,0.39274777934573191,9,0.78549555869146381
127.5,120,133,0.39675557159075348,9,0.79351114318150695
137.5,120,162,0.395092390758086,9,0.790184781516172
147.5,120,195,0.39433597305317442,9,0.78867194610634883
157.5,120,126,0.3867794500071659,9,0.77355890001433181
167.5,120,115,0.37646665698874404,9,0.75293331397748808
177.5,120,59,0.37032597674832562,9,0.74065195349665125
187.5,120,20,0.36412084071586581,11,0.72824168143173162
197.5,120,31,0.35906750252100755,15,1.0772025075630227
207.5,120,298,0.35554648101022679,15,1.0666394430306805
217.5,120,368,0.3516634723260052,15,1.0549904169780158
227.5,120,174,0.34709873707999273,15,1.0412962112399782
237.5,120,70,0.34772227688429663,15,1.0431668306528901
247.5,120,16,0.34898420702167998,15,1.0469526210650399
257.5,120,7,0.3424692204494369,15,1.0274076613483107
-52.5,130,0,0.40792052638005288,2,0.81584105276010577
-42.5,130,1,0.39496855507484763,2,0.78993711014969525
-32.5,130,4,0.39112770947045489,2,0.78225541894090977
-22.5,130,23,0.38915320255296076,2,0.77830640510592153
-12.5,130,48,0.38678503403570269,2,0.77357006807140538
-2.5,130,107,0.39164781625697764,2,0.78329563251395529
7.5,130,82,0.39046867121878509,2,0.78093734243757018
17.5,130,88,0.3903942752174816,2,0.7807885504349632
27.5,130,81,0.38924794534915408,2,0.77849589069830816
37.5,130,69,0.39410456936407035,2,0.78820913872814069
47.5,130,67,0.3980736157563371,2,0.79614723151267419
57.5,130,77,0.39560766737824427,2,0.79121533475648853
67.5,130,59,0.39291260662674143,2,0.78582521325348287
77.5,130,71,0.39010770514907783,2,0.78021541029815566
87.5,130,79,0.39165215056618896,9,0.78330430113237792
97.5,130,100,0.39269122518665261,9,0.78538245037330523
107.5,130,130,0.39152814596445423,9,0.78305629192890847
117.5,130,163,0.39493726629127818,9,0.78987453258255635
127.5,130,171,0.39292065810925009,9,0.78584131621850017
137.5,130,149,0.39560497289539559,9,0.79120994579079118
147.5,130,156,0.388889420384463,9,0.77777884076892601
157.5,130,73,0.38042997851035143,9,0.76085995702070286
167.5,130,58,0.37349035251696017,9,0.74698070503392033
177.5,130,35,0.36726780465891051,9,0.73453560931782103
187.5,130,14,0.3621508353944462,9,0.7243016707888924
197.5,130,162,0.35823417744342345,15,1.0747025323302706
207.5,130,434,0.35427607929783855,15,1.0628282378935157
217.5,130,250,0.35010025312130244,15,1.0503007593639073
227.5,130,105,0.34796658532751268,15,1.043899755982538
237.5,130,57,0.3490327096075308,15,1.0470981288225922
247.5,130,16,0.34837863923963069,15,1.0451359177188921
257.5,130,6,0.34052001476472216,15,1.0215600442941666
-52.5,140,0,0.39989505944277903,2,0.79979011888555807
-42.5,140,4,0.39506613323489881,2,0.79013226646979762
-32.5,140,8,0.39078615865737565,2,0.7815723173147513
-22.5,140,31,0.39238721934151216,2,0.78477443868302432
-12.5,140,87,0.38721006495102028,2,0.77442012990204057
-2.5,140,163,0.38706243530648832,2,0.77412487061297663
7.5,140,138,0.38910639587763446,2,0.77821279175526892
17.5,140,111,0.39157091605109479,2,0.78314183210218957
27.5,140,151,0.39298773209922921,2,0.78597546419845843
37.5,140,103,0.39620528752931711,2,0.79241057505863421
47.5,140,95,0.39584563017090318,2,0.79169126034180637
57.5,140,101,0.39590620769274815,2,0.79181241538549629
67.5,140,90,0.39524676430588912,7,0.79049352861177824
77.5,140,109,0.39236540840818712,9,0.78473081681637424
87.5,140,150,0.38758330694657761,9,0.77516661389315522
97.5,140,103,0.38854920536683685,9,0.77709841073367369
107.5,140,132,0.39156183928299348,9,0.78312367856598697
117.5,140,142,0.39151489277531304,9,0.78302978555062608
127.5,140,144,0.39074389290859635,9,0.78148778581719269
137.5,140,120,0.38857545298047053,9,0.77715090596094105
147.5,140,130,0.38074770519408446,9,0.76149541038816893
157.5,140,71,0.37151290932788616,9,0.74302581865577233
167.5,140,34,0.36707023870949934,9,0.73414047741899868
177.5,140,8,0.36163599872348967,9,0.72327199744697934
187.5,140,111,0.35655168738434073,15,1.0696550621530221
197.5,140,439,0.35263251024043507,15,1.0578975307213052
207.5,140,413,0.35238283123701292,15,1.0571484937110387
217.5,140,199,0.35012255618254073,15,1.0503676685476222
227.5,140,69,0.34601858467302349,15,1.0380557540190705
237.5,140,42,0.34658856016162931,15,1.039765680484888
247.5,140,11,0.34449707639924743,15,1.0334912291977423
257.5,140,3,0.33593174582127189,15,1.0077952374638157
-52.5,150,0,0.38074193681843516,7,0.76148387363687031
-42.5,150,4,0.39269236382609957,2,0.78538472765219913
-32.5,150,11,0.3929205958026119,2,0.78584119160522381
-22.5,150,35,0.39272431832015997,2,0.78544863664031994
-12.5,150,76,0.39035435413112313,2,0.78070870826224625
-2.5,150,147,0.38907651842578012,2,0.77815303685156023
7.5,150,127,0.39261987498354434,2,0.78523974996708867
17.5,150,137,0.39405685921075984,2,0.78811371842151967
27.5,150,111,0.39686129161203626,2,0.79372258322407252
37.5,150,78,0.39572241751676274,7,0.79144483503352547
47.5,150,70,0.39227657202533839,7,0.78455314405067678
57.5,150,93,0.39417683593505343,7,0.78835367187010685
67.5,150,86,0.39490122748810358,7,0.78980245497620716
77.5,150,94,0.39456621199292546,9,0.78913242398585093
87.5,150,103,0.38454965185105566,9,0.76909930370211133
97.5,150,85,0.38498276329041026,9,0.76996552658082051
107.5,150,97,0.3937189940155757,9,0.78743798803115139
117.5,150,101,0.38810284714065846,9,0.77620569428131692
127.5,150,103,0.38666652403464113,9,0.77333304806928227
137.5,150,69,0.37821764003171637,9,0.75643528006343275
147.5,150,56,0.37106199314411231,9,0.74212398628822462
157.5,150,31,0.36432298903405513,9,0.72864597806811027
167.5,150,9,0.36175205722394743,9,0.72350411444789486
177.5,150,52,0.35804417629110113,15,1.0741325288733032
187.5,150,277,0.35224852847736454,15,1.0567455854320935
197.5,150,384,0.34947374655138991,15,1.0484212396541697
207.5,150,225,0.35012748247430919,15,1.0503824474229275
217.5,150,89,0.35048048249779606,15,1.0514414474933882
227.5,150,34,0.34500374493834668,15,1.0350112348150402
237.5,150,16,0.34050618606628436,15,1.0215185581988531
247.5,150,6,0.33732417988251379,15,1.0119725396475414
257.5,150,4,0.32545192295247782,15,0.97635576885743347
-52.5,160,0,0.38268158943831138,7,0.76536317887662275
-42.5,160,2,0.38444160357913554,7,0.76888320715827108
-32.5,160,10,0.38829338763937049,7,0.77658677527874098
-22.5,160,44,0.39093525950794816,7,0.78187051901589633
-12.5,160,86,0.39592875428953,7,0.79185750857906001
-2.5,160,175,0.39294014623224338,7,0.78588029246448676
7.5,160,160,0.39334936155015099,7,0.78669872310030198
17.5,160,150,0.3976984419410336,7,0.7953968838820672
27.5,160,110,0.39824867396312069,7,0.79649734792624138
37.5,160,92,0.39593409410039776,7,0.79186818820079552
47.5,160,67,0.39335660020285812,7,0.78671320040571624
57.5,160,78,0.39474306839148665,7,0.7894861367829733
67.5,160,78,0.39740166450540659,7,0.79480332901081319
77.5,160,74,0.39344168647125877,9,0.78688337294251753
87.5,160,72,0.38625472304041786,9,0.77250944608083572
97.5,160,76,0.38149274772781089,9,0.76298549545562178
107.5,160,62,0.38694283401627766,9,0.77388566803255532
117.5,160,69,0.38577970375401988,9,0.77155940750803975
127.5,160,62,0.37757082487698324,9,0.75514164975396647
137.5,160,40,0.37236863065466508,9,0.74473726130933016
147.5,160,34,0.37017399481678548,9,0.74034798963357096
157.5,160,11,0.36254650620717477,9,0.72509301241434954
167.5,160,24,0.3591250175521743,15,1.0773750526565229
177.5,160,229,0.35713243554386026,15,1.0713973066315809
187.5,160,368,0.35196853467191858,15,1.0559056040157557
197.5,160,247,0.34775063373656773,15,1.0432519012097032
207.5,160,128,0.34819736727305312,15,1.0445921018191593
217.5,160,43,0.34814184560832284,15,1.0444255368249684
227.5,160,17,0.34461483152245004,15,1.0338444945673499
237.5,160,10,0.33790638458012134,15,1.013719153740364
247.5,160,4,0.32625906931093018,15,0.97877720793279066
257.5,160,1,0.31437350351607968,15,0.94312051054823909
-52.5,170,0,0.39836060506284565,7,0.7967212101256913
-42.5,170,5,0.3896631596088509,7,0.77932631921770179
-32.5,170,8,0.39220494094389219,7,0.78440988188778438
-22.5,170,40,0.39089954503338503,7,0.78179909006677006
-12.5,170,67,0.39102956755615409,7,0.78205913511230818
-2.5,170,193,0.39507360467438074,7,0.79014720934876148
7.5,170,119,0.39616578745043662,7,0.79233157490087325
17.5,170,101,0.39670538871669869,7,0.79341077743339739
27.5,170,98,0.39595824878901176,7,0.79191649757802351
37.5,170,78,0.39889440439509266,7,0.79778880879018532
47.5,170,57,0.39746307063334491,7,0.79492614126668981
57.5,170,63,0.39413037772815579,7,0.78826075545631158
67.5,170,62,0.39540468200052009,7,0.79080936400104018
77.5,170,70,0.38860612267391809,9,0.77721224534783617
87.5,170,76,0.38477810360893611,9,0.76955620721787221
97.5,170,56,0.37955876686750745,9,0.75911753373501489
107.5,170,44,0.38261543347782362,9,0.76523086695564724
117.5,170,56,0.37831433936747505,9,0.7566286787349501
127.5,170,38,0.37332436817346037,9,0.74664873634692075
137.5,170,34,0.36904753080962865,9,0.73809506161925731
147.5,170,6,0.36259283694217392,9,0.72518567388434785
157.5,170,38,0.35815606526385241,13,1.0744681957915572
167.5,170,212,0.35849035817049318,13,1.0754710745114795
177.5,170,485,0.35329559759266776,15,1.0598867927780034
187.5,170,310,0.34924282812752361,15,1.0477284843825709
197.5,170,121,0.34811587292182411,15,1.0443476187654721
207.5,170,76,0.34537382549563689,15,1.0361214764869107
217.5,170,27,0.34366576195244752,15,1.0309972858573424
227.5,170,14,0.33673123462600535,15,1.010193703878016
237.5,170,5,0.33046570888019833,15,0.99139712664059487
247.5,170,2,0.32556818679017158,15,0.97670456037051456
257.5,170,2,0.28361361412609398,15,0.85084084237828195
-52.5,180,0,0.39537028189866219,7,0.79074056379732438
-42.5,180,1,0.38613224029462606,7,0.77226448058925212
-32.5,180,7,0.38499673657051225,7,0.76999347314102451
-22.5,180,33,0.39348808577970795,7,0.7869761715594159
-12.5,180,58,0.38826528226466173,7,0.77653056452932345
-2.5,180,128,0.39047620308512804,7,0.78095240617025607
7.5,180,99,0.38843951897141654,7,0.77687903794283308
17.5,180,64,0.39173233384669415,7,0.78346466769338829
27.5,180,68,0.39627072405431585,7,0.7925414481086317
37.5,180,45,0.39922809508860663,7,0.79845619017721325
47.5,180,48,0.40170376576639655,7,0.8034075315327931
57.5,180,37,0.39927725836160172,7,0.79855451672320343
67.5,180,45,0.3911893718213888,7,0.7823787436427776
77.5,180,42,0.38302533880095113,9,0.76605067760190226
87.5,180,50,0.37835650745035188,9,0.75671301490070375
97.5,180,38,0.38102010096484557,9,0.76204020192969113
107.5,180,28,0.37479456762464813,9,0.74958913524929627
117.5,180,31,0.36806495789743821,9,0.73612991579487641
127.5,180,20,0.36853898042086514,9,0.73707796084173027
137.5,180,7,0.36309340020883873,9,0.72618680041767747
147.5,180,53,0.36042723580682157,13,1.0812817074204648
157.5,180,213,0.35959954048581344,13,1.0787986214574403
167.5,180,303,0.35013589985093541,13,1.0504076995528062
177.5,180,269,0.34790171559094968,13,1.0437051467728491
187.5,180,83,0.34685990408197959,15,1.0405797122459388
197.5,180,49,0.34458552344826615,15,1.0337565703447984
207.5,180,22,0.34218493711424652,15,1.0265548113427396
217.5,180,14,0.3401957942547234,15,1.0205873827641703
227.5,180,5,0.32979251218930122,15,0.98937753656790384
237.5,180,3,0.3140756076360029,15,0.94222682290800874
247.5,180,3,0.29046779976481424,15,0.87140339929444266
257.5,180,0,0.24972043398379309,15,0.74916130195137931
-52.5,190,0,0.37198918296031119,7,0.74397836592062239
-42.5,190,0,0.387249951237021,7,0.77449990247404199
-32.5,190,2,0.38479741118601246,7,0.76959482237202492
-22.5,190,25,0.38567646645250997,7,0.77135293290501994
-12.5,190,52,0.38556823046852773,7,0.77113646093705546
-2.5,190,79,0.38745402069169177,7,0.77490804138338354
7.5,190,76,0.39101377284050226,7,0.78202754568100452
17.5,190,66,0.38922363156384754,7,0.77844726312769508
27.5,190,49,0.39616140227848873,7,0.79232280455697746
37.5,190,39,0.39761659006362982,7,0.79523318012725963
47.5,190,34,0.40083807318869846,7,0.80167614637739693
57.5,190,30,0.39059109696320332,7,0.78118219392640664
67.5,190,36,0.38809811196983512,7,0.77619622393967025
77.5,190,33,0.38309099621415471,9,0.76618199242830942
87.5,190,26,0.38259923300124665,9,0.7651984660024933
97.5,190,17,0.37622690302547918,9,0.75245380605095835
107.5,190,15,0.37231531443370919,9,0.74463062886741838
117.5,190,13,0.36346456413620859,9,0.72692912827241718
127.5,190,8,0.36469366256113334,9,0.72938732512226667
137.5,190,52,0.36461665037014357,13,1.0938499511104307
147.5,190,259,0.36054504800979376,13,1.0816351440293812
157.5,190,269,0.35329205951758463,13,1.059876178552754
167.5,190,207,0.3490877976306051,13,1.0472633928918154
177.5,190,98,0.3450574647779579,13,1.0351723943338735
187.5,190,28,0.34375389149593405,13,1.0312616744878023
197.5,190,7,0.34106467633227727,15,1.023194028996832
207.5,190,13,0.33766119504933362,15,1.0129835851480009
217.5,190,2,0.33424051829515766,15,1.0027215548854729
227.5,190,3,0.31471052361141266,15,0.94413157083423793
237.5,190,2,0.30396106803445661,15,0.91188320410336976
247.5,190,0,0.27373612453236329,15,0.82120837359708987
257.5,190,0,0.17344157680410471,15,0.5203247304123142
-52.5,200,0,0.38473875218591708,7,0.76947750437183415
-42.5,200,0,0.38363096112943279,7,0.76726192225886558
-32.5,200,4,0.38458114193807663,7,0.76916228387615326
-22.5,200,27,0.38151616946629607,7,0.76303233893259215
-12.5,200,28,0.38571975329033581,7,0.77143950658067162
-2.5,200,79,0.38818110555046287,7,0.77636221110092574
7.5,200,45,0.39069693027556723,7,0.78139386055113447
17.5,200,47,0.39338237498481027,7,0.78676474996962054
27.5,200,40,0.39038158746068979,7,0.78076317492137959
37.5,200,35,0.39236802676305416,7,0.78473605352610831
47.5,200,23,0.39392286350822536,7,0.78784572701645073
57.5,200,23,0.39504822143376195,7,0.7900964428675239
67.5,200,20,0.39146267602824192,7,0.78292535205648384
77.5,200,25,0.38373947770353656,9,0.76747895540707312
87.5,200,13,0.38032350374818896,9,0.76064700749637792
97.5,200,11,0.37463278277152479,9,0.74926556554304957
107.5,200,3,0.36804932405251906,9,0.73609864810503811
117.5,200,26,0.36246998132271363,13,1.0874099439681408
127.5,200,129,0.36445039750968455,13,1.0933511925290536
137.5,200,242,0.36718971525236205,13,1.101569145757086
147.5,200,335,0.35588173935202339,13,1.0676452180560703
157.5,200,156,0.35209440353943999,13,1.05628321061832
167.5,200,64,0.35006808967442254,13,1.0502042690232676
177.5,200,32,0.34764750402133587,13,1.0429425120640075
187.5,200,11,0.34002873822598145,13,1.0200862146779444
197.5,200,3,0.33583192332944084,13,1.0074957699883225
207.5,200,2,0.33158413529799258,15,0.99475240589397773
217.5,200,0,0.31318317313047872,15,0.93954951939143616
227.5,200,0,0.29175645495164398,15,0.8752693648549319
237.5,200,1,0.26210754982163598,15,0.78632264946490793
247.5,200,0,0.19059599780000999,15,0.57178799340002995
257.5,200,4,0.13517878635613573,15,0.40553635906840718
-52.5,210,0,0.37947139030721377,7,0.75894278061442755
-42.5,210,0,0.38267946433199468,7,0.76535892866398936
-32.5,210,1,0.38384181662117905,7,0.76768363324235811
-22.5,210,8,0.38256227302017648,7,0.76512454604035296
-12.5,210,11,0.38401585059713506,7,0.76803170119427011
-2.5,210,27,0.38623112725538877,7,0.77246225451077755
7.5,210,24,0.38781296386594688,7,0.77562592773189376
17.5,210,22,0.3902534724114719,7,0.7805069448229438
27.5,210,15,0.39333481344028848,7,0.78666962688057696
37.5,210,10,0.38922797466925163,7,0.77845594933850326
47.5,210,9,0.39269634880443105,7,0.7853926976088621
57.5,210,8,0.39286020892036261,7,0.78572041784072522
67.5,210,4,0.39175796661454126,7,0.78351593322908253
77.5,210,3,0.38568009547139842,9,0.77136019094279684
87.5,210,8,0.37866750465467092,9,0.75733500930934183
97.5,210,19,0.37741775042732606,13,1.1322532512819781
107.5,210,73,0.36678281588366546,13,1.1003484476509964
117.5,210,170,0.36837138518668139,13,1.1051141555600441
127.5,210,198,0.36298898140570723,13,1.0889669442171217
137.5,210,179,0.35995691951774217,13,1.0798707585532263
147.5,210,86,0.35574609967665105,13,1.0672382990299532
157.5,210,26,0.35271497703263216,13,1.0581449310978965
167.5,210,14,0.34945122196379419,13,1.0483536658913823
177.5,210,3,0.35124213501027929,13,1.0537264050308379
187.5,210,2,0.34329261678760642,13,1.0298778503628192
197.5,210,0,0.3332372688984962,13,0.99971180669548865
207.5,210,0,0.31565839675374519,13,0.94697519026123556
217.5,210,1,0.30475612320033157,15,0.91426836960099467
227.5,210,0,0.27377082458163754,15,0.82131247374491267
237.5,210,1,0.19869832485058858,15,0.59609497455176574
247.5,210,0,0.16161110568924711,15,0.48483331706774135
257.5,210,0,0.11320050209821916,15,0.33960150629465746
-52.5,220,0,0.37936476846423794,5,1.1380943053927139
-42.5,220,1,0.38208839207733586,5,1.1462651762320075
-32.5,220,9,0.38106884497991816,5,1.1432065349397544
-22.5,220,79,0.381149901408046,5,1.1434497042241381
-12.5,220,135,0.38495970374349225,5,1.1548791112304766
-2.5,220,360,0.38410457617333232,5,1.1523137285199969
7.5,220,253,0.38859394541700731,5,1.1657818362510219
17.5,220,177,0.38670774143907233,5,1.1601232243172168
27.5,220,114,0.39065601296798169,5,1.1719680389039451
37.5,220,80,0.39377966691348049,5,1.1813390007404416
47.5,220,59,0.39588774247245251,5,1.1876632274173575
57.5,220,65,0.39754074446270699,5,1.1926222333881209
67.5,220,43,0.3898482581255388,5,1.1695447743766163
77.5,220,38,0.38957202703126231,13,1.1687160810937869
87.5,220,65,0.37854608582083971,13,1.1356382574625192
97.5,220,126,0.37711506015511609,13,1.1313451804653483
107.5,220,143,0.37390482541687808,13,1.1217144762506341
117.5,220,171,0.36580390330522328,13,1.0974117099156697
127.5,220,97,0.36469346144668596,13,1.0940803843400577
137.5,220,37,0.36238233209758364,13,1.0871469962927509
147.5,220,14,0.35760830900204549,13,1.0728249270061365
157.5,220,7,0.3529690201201684,13,1.0589070603605053
167.5,220,2,0.34925929635423686,13,1.0477778890627107
177.5,220,1,0.3487205146039708,13,1.0461615438119123
187.5,220,2,0.32813488945447206,13,0.98440466836341622
197.5,220,1,0.31174646604631234,13,0.93523939813893708
207.5,220,0,0.29531121325803544,13,0.88593363977410633
217.5,220,0,0.26539246521161325,13,0.7961773956348398
227.5,220,0,0.18948118775600056,15,0.56844356326800172
237.5,220,0,0.17113505091294343,15,0.51340515273883036
247.5,220,0,0.063827772294498486,15,0.19148331688349546
257.5,220,0,0.053723303920546223,15,0.16116991176163867
-52.5,230,0,0.37957020954762938,5,1.1387106286428881
-42.5,230,13,0.37951987825539596,5,1.1385596347661877
-32.5,230,66,0.379146327477284,5,1.137438982431852
-22.5,230,297,0.38545805428970709,5,1.1563741628691213
-12.5,230,409,0.38548695402766214,5,1.1564608620829864
-2.5,230,888,0.38444954029884321,5,1.1533486208965296
7.5,230,660,0.38623583325509225,5,1.1587074997652766
17.5,230,563,0.38783726419602421,5,1.1635117925880727
27.5,230,451,0.39130622823307087,5,1.1739186846992127
37.5,230,246,0.3947992081344231,5,1.1843976244032692
47.5,230,232,0.39433432979800492,5,1.1830029893940148
57.5,230,205,0.39623909875058527,5,1.1887172962517558
67.5,230,128,0.39402034803351527,5,1.1820610441005459
77.5,230,105,0.39065429584292199,13,1.171962887528766
87.5,230,86,0.38179534052844549,13,1.1453860215853364
97.5,230,75,0.37564426029258102,13,1.1269327808777432
107.5,230,64,0.36939419884393782,13,1.1081825965318135
117.5,230,25,0.36835965000694004,13,1.1050789500208202
127.5,230,10,0.36499629635956454,13,1.0949888890786936
137.5,230,5,0.36230695064603552,13,1.0869208519381064
147.5,230,2,0.35745626476773135,13,1.0723687943031939
157.5,230,0,0.35314308853107773,13,1.0594292655932331
167.5,230,1,0.3487570578646324,13,1.0462711735938972
177.5,230,0,0.33932787446628954,13,1.0179836233988686
187.5,230,0,0.31205749620952777,13,0.93617248862858338
197.5,230,0,0.31548417823390545,13,0.94645253470171631
207.5,230,1,0.30464063070989006,13,0.91392189212967034
217.5,230,0,0.26222526661821399,13,0.78667579985464187
227.5,230,0,0.16904974666130809,13,0.50714923998392436
237.5,230,0,0.11570687425714862,15,0.3471206227714459
247.5,230,0,0.090580266019020944,15,0.2717407980570628
257.5,230,1,0.099500175166113355,15,0.29850052549834005
-52.5,240,0,0.38281754009290186,5,1.1484526202787055
-42.5,240,2,0.38207017120132514,5,1.1462105136039753
-32.5,240,15,0.38411218217650733,5,1.1523365465295219
-22.5,240,59,0.3827402795151062,5,1.1482208385453185
-12.5,240,79,0.38518358084204468,5,1.155550742526134
-2.5,240,140,0.38622346006132513,5,1.1586703801839753
7.5,240,111,0.38706873314525114,5,1.1612061994357534
17.5,240,70,0.38984008104398071,5,1.169520243131942
27.5,240,83,0.39095779309388901,5,1.172873379281667
37.5,240,53,0.39179032686409004,5,1.1753709805922701
47.5,240,34,0.39420118904639329,5,1.1826035671391799
57.5,240,26,0.39540296660926488,5,1.1862088998277946
67.5,240,18,0.39391220125410009,5,1.1817366037623003
77.5,240,9,0.39461185189514109,13,1.1838355556854232
87.5,240,6,0.38745318104634552,13,1.1623595431390366
97.5,240,3,0.37919124193246267,13,1.1375737257973879
107.5,240,1,0.37094698241566448,13,1.1128409472469933
117.5,240,0,0.3739168984842276,13,1.1217506954526828
127.5,240,0,0.36716779869819566,13,1.101503396094587
137.5,240,0,0.36372831895150637,13,1.0911849568545193
147.5,240,0,0.35938166320123371,13,1.0781449896037012
157.5,240,0,0.34647330318337866,13,1.039419909550136
167.5,240,0,0.33801940877404452,13,1.0140582263221336
177.5,240,0,0.32347670816952345,13,0.97043012450857047
187.5,240,0,0.32311787546502579,13,0.96935362639507738
197.5,240,0,0.32586356765262769,13,0.97759070295788308
207.5,240,0,0.29445342228973453,13,0.88336026686920366
217.5,240,0,0.14694839446346036,13,0.44084518339038103
227.5,240,0,0.11186009127032723,13,0.33558027381098171
237.5,240,0,0.083555562803069999,13,0.25066668840921003
247.5,240,0,0.076085343712684744,15,0.22825603113805423
257.5,240,0,0.0,15,0.0
