-52.5,-250,0.3971587784270883
-42.5,-250,0.3970255110751167
-32.5,-250,0.3966093765413454
-22.5,-250,0.3969012704178436
-12.5,-250,0.39153977467251067
-2.5,-250,0.3867458512448896
7.5,-250,0.3864586700174546
17.5,-250,0.3845656396208941
27.5,-250,0.3788893201264015
37.5,-250,0.3735104261022197
47.5,-250,0.37600613169442887
57.5,-250,0.3784563816277967
67.5,-250,0.38302025925056155
77.5,-250,0.38103418306596926
87.5,-250,0.39348724081731723
97.5,-250,0.39472904201482856
107.5,-250,0.3899598046159973
117.5,-250,0.3839440853573235
127.5,-250,0.3724878876588209
137.5,-250,0.3680265577039164
147.5,-250,0.35941923156666883
157.5,-250,0.345526820249314
167.5,-250,0.329742393178583
177.5,-250,0.3114633730152347
187.5,-250,0.31148421165788165
197.5,-250,0.27422772132168205
207.5,-250,0.173713970616968
217.5,-250,0.07743445120486803
227.5,-250,0.06382560551379005
237.5,-250,0.06491190173536908
247.5,-250,0.07080758062233955
257.5,-250,0.0
-52.5,-240,0.4000855456994612
-42.5,-240,0.4025550564575269
-32.5,-240,0.40019145800089173
-22.5,-240,0.3991450099303803
-12.5,-240,0.395656086137329
-2.5,-240,0.3929150794183923
7.5,-240,0.3924620238255791
17.5,-240,0.38392752624015225
27.5,-240,0.38317656281952756
37.5,-240,0.3729745161247518
47.5,-240,0.3760810064118808
57.5,-240,0.37473302123727015
67.5,-240,0.38396992001165925
77.5,-240,0.38889985428883594
87.5,-240,0.3931008585737785
97.5,-240,0.39389548832561766
107.5,-240,0.38658092647380865
117.5,-240,0.3830334580579453
127.5,-240,0.3760737358831914
137.5,-240,0.3671787926867928
147.5,-240,0.35731055943531087
157.5,-240,0.35222856884174075
167.5,-240,0.3382257377757018
177.5,-240,0.3256711462429278
187.5,-240,0.3261485380093553
197.5,-240,0.3226387117172046
207.5,-240,0.2882638021743108
217.5,-240,0.19130362475037518
227.5,-240,0.14092246483510903
237.5,-240,0.07307091442209131
247.5,-240,0.04714273637143795
257.5,-240,0.08364738306457317
-52.5,-230,0.39997159694715606
-42.5,-230,0.4001213379259086
-32.5,-230,0.3972360583034162
-22.5,-230,0.3974903458886883
-12.5,-230,0.3906034361956147
-2.5,-230,0.3893106572005543
7.5,-230,0.38579697200951213
17.5,-230,0.38489997173155754
27.5,-230,0.38299252008200624
37.5,-230,0.37492183294355114
47.5,-230,0.3771408661432472
57.5,-230,0.3818548792122035
67.5,-230,0.3860559500910592
77.5,-230,0.39220350951662214
87.5,-230,0.3969257238899217
97.5,-230,0.39922210040665057
107.5,-230,0.38620362541662984
117.5,-230,0.3852410002086815
127.5,-230,0.3722680890417524
137.5,-230,0.3589145465893087
147.5,-230,0.3572368482766122
157.5,-230,0.35179615752048843
167.5,-230,0.3479173450402316
177.5,-230,0.34065305384684474
187.5,-230,0.32931237513187683
197.5,-230,0.318471173786462
207.5,-230,0.3001931249957925
217.5,-230,0.27216685184885
227.5,-230,0.22618623272469507
237.5,-230,0.1980440057254997
247.5,-230,0.1091415802025397
257.5,-230,0.056085587531437525
-52.5,-220,0.4034765490368269
-42.5,-220,0.4017114841214001
-32.5,-220,0.39849970436393173
-22.5,-220,0.39819175603799367
-12.5,-220,0.3984631556543658
-2.5,-220,0.39392285566943924
7.5,-220,0.39105851881820036
17.5,-220,0.3865858572032695
27.5,-220,0.3832026553276719
37.5,-220,0.3815667264196545
47.5,-220,0.3785737926180569
57.5,-220,0.38697267057205315
67.5,-220,0.3910858571656428
77.5,-220,0.39326405149108534
87.5,-220,0.39898056107895785
97.5,-220,0.3920906293709721
107.5,-220,0.3904479133993598
117.5,-220,0.38692458214888703
127.5,-220,0.3774119450866834
137.5,-220,0.36859061972147394
147.5,-220,0.35915644821509113
157.5,-220,0.35439188123359916
167.5,-220,0.35075937332829443
177.5,-220,0.34429418783066096
187.5,-220,0.3394923832295408
197.5,-220,0.3288292661400367
207.5,-220,0.31398081740864947
217.5,-220,0.31516974581256674
227.5,-220,0.282566889979632
237.5,-220,0.22859130851763249
247.5,-220,0.1781248022383655
257.5,-220,0.08425913193547924
-52.5,-210,0.4113052316740821
-42.5,-210,0.40184591897380273
-32.5,-210,0.40086341025656996
-22.5,-210,0.4010289796378558
-12.5,-210,0.4005735143731334
-2.5,-210,0.3980365297273007
7.5,-210,0.3918177245707063
17.5,-210,0.38909538609297534
27.5,-210,0.38885553565941333
37.5,-210,0.3841600503836077
47.5,-210,0.38256939562329934
57.5,-210,0.39161232084608033
67.5,-210,0.39118957009285926
77.5,-210,0.3989826837501794
87.5,-210,0.4026297647783643
97.5,-210,0.3988009029801952
107.5,-210,0.3976105855986907
117.5,-210,0.3900088396879899
127.5,-210,0.3843616512411325
137.5,-210,0.37187293821201567
147.5,-210,0.3659397811463267
157.5,-210,0.35840269263206925
167.5,-210,0.35615315485318483
177.5,-210,0.34970490907203267
187.5,-210,0.34508063208694156
197.5,-210,0.34187134248073187
207.5,-210,0.32625720001554076
217.5,-210,0.3065881251170578
227.5,-210,0.2941905726729381
237.5,-210,0.2704213962174019
247.5,-210,0.24072952901612257
257.5,-210,0.1461457424852059
-52.5,-200,0.40993359017634373
-42.5,-200,0.4078134170244574
-32.5,-200,0.40245024634409554
-22.5,-200,0.40225332438466405
-12.5,-200,0.40134046562303255
-2.5,-200,0.4003916097079343
7.5,-200,0.3954253038756349
17.5,-200,0.3954219091608458
27.5,-200,0.39169547439001406
37.5,-200,0.38827554581380047
47.5,-200,0.38645889933363514
57.5,-200,0.38614977538556994
67.5,-200,0.3948069796362723
77.5,-200,0.40111088260114236
87.5,-200,0.408471889276939
97.5,-200,0.4071892429853801
107.5,-200,0.404029599678953
117.5,-200,0.39372765891913664
127.5,-200,0.3891477966923853
137.5,-200,0.3812057887236219
147.5,-200,0.37232838958703635
157.5,-200,0.3647045709913868
167.5,-200,0.3606363239573447
177.5,-200,0.3531153031765291
187.5,-200,0.34879930503238005
197.5,-200,0.34466247156615804
207.5,-200,0.33833729637289917
217.5,-200,0.3247861878857787
227.5,-200,0.31358545076243993
237.5,-200,0.28171929502423715
247.5,-200,0.25990623023143034
257.5,-200,0.18239962593490736
-52.5,-190,0.4033139833243589
-42.5,-190,0.4127388242928101
-32.5,-190,0.40636649456825974
-22.5,-190,0.40136316957961077
-12.5,-190,0.3998670337939733
-2.5,-190,0.39987514900499466
7.5,-190,0.3960070211203523
17.5,-190,0.3970882615121317
27.5,-190,0.3936535300325061
37.5,-190,0.39344725970752153
47.5,-190,0.3880529286958515
57.5,-190,0.3910913970812697
67.5,-190,0.39923188182006925
77.5,-190,0.40350564508860953
87.5,-190,0.4096689596995599
97.5,-190,0.4094288693510478
107.5,-190,0.4055868070029211
117.5,-190,0.3972972628811379
127.5,-190,0.39466828800264947
137.5,-190,0.3870901159794699
147.5,-190,0.37944347961647346
157.5,-190,0.3715910073460589
167.5,-190,0.36318235280054284
177.5,-190,0.359482298726995
187.5,-190,0.3550361108359602
197.5,-190,0.3491521690628786
207.5,-190,0.34413590790629867
217.5,-190,0.3396488826093425
227.5,-190,0.3241763953526663
237.5,-190,0.3084783706781488
247.5,-190,0.2813972253780122
257.5,-190,0.22532368470301098
-52.5,-180,0.40756038085648516
-42.5,-180,0.4163388770593029
-32.5,-180,0.40966679997857364
-22.5,-180,0.40675007480554465
-12.5,-180,0.40393730912315307
-2.5,-180,0.4050706293874273
7.5,-180,0.40098529703034386
17.5,-180,0.39664231559506824
27.5,-180,0.3966840273209104
37.5,-180,0.39225867336399617
47.5,-180,0.3888144254515728
57.5,-180,0.3940029742247528
67.5,-180,0.3975134460901252
77.5,-180,0.4009766861254384
87.5,-180,0.40868380975329266
97.5,-180,0.4116719435338335
107.5,-180,0.41182796844522235
117.5,-180,0.40517973782346245
127.5,-180,0.40155202031205256
137.5,-180,0.3970357213541411
147.5,-180,0.3897607936147439
157.5,-180,0.382118386131043
167.5,-180,0.375659740140818
177.5,-180,0.36507221221747405
187.5,-180,0.36078362557872923
197.5,-180,0.3532769774165678
207.5,-180,0.34781305117923733
217.5,-180,0.34467483737685517
227.5,-180,0.33583895471184894
237.5,-180,0.3176273993337037
247.5,-180,0.30110289785839417
257.5,-180,0.26124705406157345
-52.5,-170,0.4129991361725032
-42.5,-170,0.4132575346007351
-32.5,-170,0.411605187289056
-22.5,-170,0.4080107771623569
-12.5,-170,0.40717952639007415
-2.5,-170,0.40535477585582125
7.5,-170,0.40148414299310003
17.5,-170,0.3973192512100982
27.5,-170,0.39427971455514904
37.5,-170,0.3915238528958077
47.5,-170,0.39125857705470174
57.5,-170,0.3924325724564273
67.5,-170,0.39592634074106653
77.5,-170,0.3999796614672527
87.5,-170,0.4053277857774475
97.5,-170,0.41247640432358473
107.5,-170,0.41553000785053684
117.5,-170,0.4132328672165284
127.5,-170,0.40914707044803483
137.5,-170,0.4009670929832669
147.5,-170,0.39538010028143006
157.5,-170,0.3858093198816224
167.5,-170,0.37731585649021526
177.5,-170,0.374235613759992
187.5,-170,0.36505921601714403
197.5,-170,0.3580510574446815
207.5,-170,0.3503476604642017
217.5,-170,0.34765861936334536
227.5,-170,0.34214795917272833
237.5,-170,0.32987140089674216
247.5,-170,0.31743878008648624
257.5,-170,0.2791966899706894
-52.5,-160,0.4157539843450654
-42.5,-160,0.412378777299853
-32.5,-160,0.4101911236498035
-22.5,-160,0.4055811570099502
-12.5,-160,0.40474324063947204
-2.5,-160,0.40271352655300247
7.5,-160,0.4000012412470559
17.5,-160,0.39552387221012636
27.5,-160,0.39105423236065073
37.5,-160,0.38977563073407623
47.5,-160,0.39056080435199825
57.5,-160,0.3890425397124876
67.5,-160,0.3931915815202768
77.5,-160,0.39796210977942237
87.5,-160,0.4034041383106139
97.5,-160,0.4108950961640629
107.5,-160,0.41439337851263863
117.5,-160,0.4178474861942842
127.5,-160,0.41504934011509914
137.5,-160,0.40570766378708945
147.5,-160,0.4009286276348855
157.5,-160,0.3943622530944654
167.5,-160,0.3861841970846669
177.5,-160,0.37708734046661435
187.5,-160,0.37191754833577406
197.5,-160,0.36175549074482605
207.5,-160,0.3576792213659748
217.5,-160,0.35188276538402063
227.5,-160,0.3467121426680336
237.5,-160,0.3433699903390924
247.5,-160,0.32730197064281974
257.5,-160,0.3033123971240278
-52.5,-150,0.4142634722210005
-42.5,-150,0.412993641041905
-32.5,-150,0.411003132636412
-22.5,-150,0.40872620653226577
-12.5,-150,0.40368153105393845
-2.5,-150,0.3999539123661694
7.5,-150,0.39913201909657625
17.5,-150,0.3916992337852667
27.5,-150,0.3901587187124851
37.5,-150,0.38942829920499084
47.5,-150,0.38519078187806444
57.5,-150,0.3879674150007007
67.5,-150,0.3909582727025261
77.5,-150,0.3972378013395305
87.5,-150,0.4022050594979713
97.5,-150,0.40407391804735493
107.5,-150,0.4093460721166644
117.5,-150,0.4141082492118539
127.5,-150,0.4141812083478116
137.5,-150,0.41045464068519144
147.5,-150,0.40509277099919283
157.5,-150,0.40042609545826796
167.5,-150,0.3912280335482416
177.5,-150,0.38059939561018385
187.5,-150,0.3771671379990528
197.5,-150,0.3713548288263881
207.5,-150,0.36232736604755883
217.5,-150,0.35636318608168377
227.5,-150,0.3502860796196481
237.5,-150,0.3486917281028156
247.5,-150,0.33819793375280005
257.5,-150,0.31522893822883513
-52.5,-140,0.4195592084476011
-42.5,-140,0.41434259225286385
-32.5,-140,0.41444403947325004
-22.5,-140,0.4073037457673512
-12.5,-140,0.39874568467144617
-2.5,-140,0.3974564273094253
7.5,-140,0.39610059516972
17.5,-140,0.3903909873384866
27.5,-140,0.3860433287070761
37.5,-140,0.38443070625738784
47.5,-140,0.3831411411631219
57.5,-140,0.38395409887581894
67.5,-140,0.3851823029218084
77.5,-140,0.3974129651914584
87.5,-140,0.40470318557014834
97.5,-140,0.4048444889613853
107.5,-140,0.4077464975545896
117.5,-140,0.4106042895926643
127.5,-140,0.4168975270157674
137.5,-140,0.41396706573952763
147.5,-140,0.4118990244170018
157.5,-140,0.4039386639811289
167.5,-140,0.3963468433692333
177.5,-140,0.3864022000205534
187.5,-140,0.3804053210187331
197.5,-140,0.3737839391266148
207.5,-140,0.3680954522352636
217.5,-140,0.35914728932834034
227.5,-140,0.3536825704354035
237.5,-140,0.3501525970902368
247.5,-140,0.3477410181472185
257.5,-140,0.3343597529879574
-52.5,-130,0.4149807484210792
-42.5,-130,0.41848110436883457
-32.5,-130,0.41208793818697403
-22.5,-130,0.40374916578731307
-12.5,-130,0.39898719221942996
-2.5,-130,0.39662248932863564
7.5,-130,0.3948250419263168
17.5,-130,0.3873595798854961
27.5,-130,0.38159761336423775
37.5,-130,0.38087726239183806
47.5,-130,0.38158094996181424
57.5,-130,0.37771991095135016
67.5,-130,0.38329876350035846
77.5,-130,0.3907369998571626
87.5,-130,0.40137108694219126
97.5,-130,0.4046097828211469
107.5,-130,0.4058792246374889
117.5,-130,0.40972879759748043
127.5,-130,0.4144672721534208
137.5,-130,0.41005477411413566
147.5,-130,0.4085549265024749
157.5,-130,0.40734345985456405
167.5,-130,0.39832273374806226
177.5,-130,0.3876726097944614
187.5,-130,0.3804623779484326
197.5,-130,0.37566423800669446
207.5,-130,0.3724665668872694
217.5,-130,0.36555686981288854
227.5,-130,0.35948298827113867
237.5,-130,0.35335084150564183
247.5,-130,0.35294455833079674
257.5,-130,0.3495941833700205
-52.5,-120,0.4162266425124826
-42.5,-120,0.4129977246772561
-32.5,-120,0.40370431410873425
-22.5,-120,0.39705105863615503
-12.5,-120,0.39494897974518106
-2.5,-120,0.3908776309261751
7.5,-120,0.3890695823292694
17.5,-120,0.38460611910898096
27.5,-120,0.38078599990605366
37.5,-120,0.3760552994607192
47.5,-120,0.37624639288978584
57.5,-120,0.37588758866882477
67.5,-120,0.38231781244435686
77.5,-120,0.3883440070569634
87.5,-120,0.3980754197195056
97.5,-120,0.4050349234949441
107.5,-120,0.40590923173532845
117.5,-120,0.41008914636758426
127.5,-120,0.4126546537805111
137.5,-120,0.4109863961462914
147.5,-120,0.40695106520833285
157.5,-120,0.40368604481443027
167.5,-120,0.39833637595762134
177.5,-120,0.3922490543047235
187.5,-120,0.38577473398442164
197.5,-120,0.3814391819087047
207.5,-120,0.37812519770776076
217.5,-120,0.3718915239276334
227.5,-120,0.3653662239871338
237.5,-120,0.3639670948835682
247.5,-120,0.3621425021259424
257.5,-120,0.35528149711215884
-52.5,-110,0.41817656852093404
-42.5,-110,0.40724335831403585
-32.5,-110,0.3993720303595884
-22.5,-110,0.3970522967751206
-12.5,-110,0.39356123822364253
-2.5,-110,0.3907752146440879
7.5,-110,0.38643934038413147
17.5,-110,0.3829745336355708
27.5,-110,0.3813712761446042
37.5,-110,0.3765665324655903
47.5,-110,0.3754868946843329
57.5,-110,0.37864864634572937
67.5,-110,0.3812235773226245
77.5,-110,0.3885059514187351
87.5,-110,0.39990557501247065
97.5,-110,0.4062723545080268
107.5,-110,0.4075991804257915
117.5,-110,0.4088635372375588
127.5,-110,0.4098595624132016
137.5,-110,0.41086160336869104
147.5,-110,0.40675272346229074
157.5,-110,0.4056289156178103
167.5,-110,0.40345745082224016
177.5,-110,0.3968883066922743
187.5,-110,0.3868066473933744
197.5,-110,0.3848333174438353
207.5,-110,0.3797511310957269
217.5,-110,0.3804776096890397
227.5,-110,0.37551956641731316
237.5,-110,0.3655347164780636
247.5,-110,0.3603569159701043
257.5,-110,0.35966349556727356
-52.5,-100,0.41141736613743374
-42.5,-100,0.4012202246119983
-32.5,-100,0.3921692561806228
-22.5,-100,0.39014118589765784
-12.5,-100,0.38712085229534976
-2.5,-100,0.38601178649089407
7.5,-100,0.38093217307547417
17.5,-100,0.3799460396118943
27.5,-100,0.38158989563930495
37.5,-100,0.3817387850378547
47.5,-100,0.3807398948239994
57.5,-100,0.38406261657681257
67.5,-100,0.3876753142982068
77.5,-100,0.390999867259284
87.5,-100,0.4046279399834181
97.5,-100,0.41208775022806793
107.5,-100,0.4105314210094245
117.5,-100,0.4094204154229903
127.5,-100,0.40987059093402417
137.5,-100,0.4097743771842303
147.5,-100,0.40577023190932726
157.5,-100,0.4041349445000365
167.5,-100,0.4021282278499166
177.5,-100,0.39697530264977215
187.5,-100,0.39015799236390053
197.5,-100,0.38342649097771014
207.5,-100,0.37760534557522246
217.5,-100,0.3768209866632473
227.5,-100,0.37403909550764314
237.5,-100,0.36510646795264523
247.5,-100,0.35489172979533373
257.5,-100,0.35518296824040435
-52.5,-90,0.4049756552854528
-42.5,-90,0.3895746557180154
-32.5,-90,0.3892960489379032
-22.5,-90,0.3866949581554549
-12.5,-90,0.384711793956363
-2.5,-90,0.3832455757544218
7.5,-90,0.37975409340079724
17.5,-90,0.38367651700413014
27.5,-90,0.3844289873884137
37.5,-90,0.38372534079809895
47.5,-90,0.38559663269275246
57.5,-90,0.38853301270199025
67.5,-90,0.39031524350387903
77.5,-90,0.39263771758476357
87.5,-90,0.40567903498954816
97.5,-90,0.41393579712077266
107.5,-90,0.4167081437522213
117.5,-90,0.414215123808775
127.5,-90,0.41268703527914224
137.5,-90,0.41120418914388585
147.5,-90,0.40589707538603126
157.5,-90,0.40149738631989995
167.5,-90,0.39912565269495925
177.5,-90,0.3940633952051173
187.5,-90,0.38688453177105964
197.5,-90,0.382953530494036
207.5,-90,0.3784789452229415
217.5,-90,0.37488476383317115
227.5,-90,0.37097157252814084
237.5,-90,0.36771143655140215
247.5,-90,0.3624103394159204
257.5,-90,0.35574133005581077
-52.5,-80,0.36987497339352987
-42.5,-80,0.3821362569186626
-32.5,-80,0.3864021088649769
-22.5,-80,0.3767403108025385
-12.5,-80,0.37981030546229344
-2.5,-80,0.3805357344251078
7.5,-80,0.3841347973035492
17.5,-80,0.3823899492453451
27.5,-80,0.3869739658374509
37.5,-80,0.3887196570167916
47.5,-80,0.3926012919649303
57.5,-80,0.395600682173424
67.5,-80,0.3952182230133421
77.5,-80,0.3967950739427483
87.5,-80,0.4096458380724391
97.5,-80,0.4162132297240281
107.5,-80,0.4179864046986661
117.5,-80,0.4187867320607272
127.5,-80,0.4168185604310898
137.5,-80,0.41229078783815465
147.5,-80,0.40418189252820225
157.5,-80,0.3989929653771481
167.5,-80,0.39516269576442686
177.5,-80,0.3892074333974933
187.5,-80,0.3911339573335921
197.5,-80,0.38457439793202336
207.5,-80,0.3792011526645026
217.5,-80,0.3728541049523383
227.5,-80,0.375915273976866
237.5,-80,0.3749319370974655
247.5,-80,0.3610893373251462
257.5,-80,0.35729883637532533
-52.5,-70,0.32219849390680655
-42.5,-70,0.3598525066278006
-32.5,-70,0.36568405988097524
-22.5,-70,0.3860680851734744
-12.5,-70,0.3924014192972419
-2.5,-70,0.3997005862233184
7.5,-70,0.4002728807996525
17.5,-70,0.39510201798351036
27.5,-70,0.39352167588079484
37.5,-70,0.3912873148759014
47.5,-70,0.39697332947292086
57.5,-70,0.3998172801793756
67.5,-70,0.39941488510288325
77.5,-70,0.40108480502970445
87.5,-70,0.406631030483912
97.5,-70,0.41522882891374224
107.5,-70,0.4193427183228397
117.5,-70,0.41975471941807785
127.5,-70,0.4156573215026011
137.5,-70,0.40795643456287706
147.5,-70,0.405804831100398
157.5,-70,0.40012889145226765
167.5,-70,0.3939252153707745
177.5,-70,0.3894705808673863
187.5,-70,0.3885384344248115
197.5,-70,0.385166570296816
207.5,-70,0.3758422832585368
217.5,-70,0.3739314253531082
227.5,-70,0.3707121153857237
237.5,-70,0.3636852457352864
247.5,-70,0.36072255111139184
257.5,-70,0.35017232393602266
-52.5,-60,0.3162597659793545
-42.5,-60,0.35473606009103203
-32.5,-60,0.41190752577970263
-22.5,-60,0.43637846283221887
-12.5,-60,0.44211911823148914
-2.5,-60,0.4362232539717032
7.5,-60,0.4312176020631365
17.5,-60,0.4264879905806874
27.5,-60,0.41527083130766146
37.5,-60,0.4047523430837475
47.5,-60,0.40170616099730233
57.5,-60,0.4022349105913212
67.5,-60,0.402853140921655
77.5,-60,0.40071085842443077
87.5,-60,0.4047605101878058
97.5,-60,0.4100985135969531
107.5,-60,0.4202365521002089
117.5,-60,0.41525631655379597
127.5,-60,0.4140874461955044
137.5,-60,0.40821047645140224
147.5,-60,0.40356706447405466
157.5,-60,0.4000676932222629
167.5,-60,0.3938436853141446
177.5,-60,0.38780615370612387
187.5,-60,0.3844363658023839
197.5,-60,0.37923648624187856
207.5,-60,0.37563494744250353
217.5,-60,0.3719809071356541
227.5,-60,0.3649305458932572
237.5,-60,0.35578015051568707
247.5,-60,0.34982376806858995
257.5,-60,0.34985480308333294
-52.5,-50,0.2931806627410209
-42.5,-50,0.45101706744684456
-32.5,-50,0.5036730101538986
-22.5,-50,0.5831636402766015
-12.5,-50,0.5783028865587627
-2.5,-50,0.5713823783181267
7.5,-50,0.5654812269382825
17.5,-50,0.46960495962334364
27.5,-50,0.4470981308893139
37.5,-50,0.4298322957485429
47.5,-50,0.4178280695475453
57.5,-50,0.41152937890444397
67.5,-50,0.41102338749418704
77.5,-50,0.41200667783385436
87.5,-50,0.4087845760567911
97.5,-50,0.40979349439973745
107.5,-50,0.4175625008925651
117.5,-50,0.4190384880599788
127.5,-50,0.4206332982415445
137.5,-50,0.41652744509969925
147.5,-50,0.40830260316518424
157.5,-50,0.4014360572079285
167.5,-50,0.3949588709744711
177.5,-50,0.39249190054111205
187.5,-50,0.38456181479348994
197.5,-50,0.3831527333753731
207.5,-50,0.37895479935493687
217.5,-50,0.3762407850622919
227.5,-50,0.37221606597224904
237.5,-50,0.36625661147160654
247.5,-50,0.3521247627773136
257.5,-50,0.3489827939663243
-52.5,-40,0.45845189580780116
-42.5,-40,0.5657999616902014
-32.5,-40,0.5946834347612595
-22.5,-40,0.5913693694429021
-12.5,-40,0.5863080457652752
-2.5,-40,0.5797916227103674
7.5,-40,0.5730064671764568
17.5,-40,0.5661355906695072
27.5,-40,0.5595817865235805
37.5,-40,0.4590437844244134
47.5,-40,0.4352561861689972
57.5,-40,0.4236337935790826
67.5,-40,0.4201696174193142
77.5,-40,0.41562847675846454
87.5,-40,0.414064110736329
97.5,-40,0.4134354035003488
107.5,-40,0.41622854851300517
117.5,-40,0.4232343806305495
127.5,-40,0.42352476421814195
137.5,-40,0.4198622603704482
147.5,-40,0.4089716653966387
157.5,-40,0.40378909054626566
167.5,-40,0.3974295282147353
177.5,-40,0.39422308046574206
187.5,-40,0.3907690637874483
197.5,-40,0.3880901116971194
207.5,-40,0.38794132967660044
217.5,-40,0.38831679979994127
227.5,-40,0.37967062052976547
237.5,-40,0.3716362160547234
247.5,-40,0.36513693429739186
257.5,-40,0.36064786540383514
-52.5,-30,0.5746851232545116
-42.5,-30,0.6005321922805853
-32.5,-30,0.5999641737780743
-22.5,-30,0.594738809418069
-12.5,-30,0.5901376114537579
-2.5,-30,0.5852793587713626
7.5,-30,0.5783870187674183
17.5,-30,0.5704648479537883
27.5,-30,0.5633934143612135
37.5,-30,0.5553871511137156
47.5,-30,0.45066365224080324
57.5,-30,0.4285694620098298
67.5,-30,0.42095517991813325
77.5,-30,0.41832732746460743
87.5,-30,0.4141548080517286
97.5,-30,0.4166895796766074
107.5,-30,0.41697452603560137
117.5,-30,0.41979661820949943
127.5,-30,0.42145734077792624
137.5,-30,0.4170311413373066
147.5,-30,0.40846841484811447
157.5,-30,0.4048131850352524
167.5,-30,0.4004661152985845
177.5,-30,0.3995473741432455
187.5,-30,0.397378590082585
197.5,-30,0.39167954570305574
207.5,-30,0.3941680502064288
217.5,-30,0.38628858333025073
227.5,-30,0.3792420972779765
237.5,-30,0.3732030887972542
247.5,-30,0.37027248292303355
257.5,-30,0.36088278042555416
-52.5,-20,0.5991602340226748
-42.5,-20,0.6044112647923293
-32.5,-20,0.6014469237425238
-22.5,-20,0.5973734865554068
-12.5,-20,0.5941929457080286
-2.5,-20,0.5909403817690702
7.5,-20,0.5832428251435017
17.5,-20,0.5736612898317552
27.5,-20,0.5659605686720888
37.5,-20,0.5600635232522054
47.5,-20,0.4617077610371716
57.5,-20,0.43320977246420067
67.5,-20,0.4232214388557124
77.5,-20,0.42002497616556045
87.5,-20,0.41666836589709205
97.5,-20,0.41199510507581383
107.5,-20,0.41832432094219335
117.5,-20,0.4148523404460578
127.5,-20,0.4218898961887328
137.5,-20,0.41761809853133186
147.5,-20,0.4120248734692098
157.5,-20,0.4062959605779902
167.5,-20,0.4054805674864818
177.5,-20,0.4042563744891083
187.5,-20,0.3990339649220851
197.5,-20,0.3948043750210164
207.5,-20,0.39123459632922153
217.5,-20,0.38657211241429734
227.5,-20,0.37898957338856065
237.5,-20,0.3725146189031411
247.5,-20,0.3698938136044545
257.5,-20,0.36233191724158154
-52.5,-10,0.6021825215745207
-42.5,-10,0.6054202063369978
-32.5,-10,0.6028582043620543
-22.5,-10,0.5987028455198162
-12.5,-10,0.5972302571715858
-2.5,-10,0.5959249113926096
7.5,-10,0.5870671883521261
17.5,-10,0.5752369496277837
27.5,-10,0.567017418388593
37.5,-10,0.5598888985705791
47.5,-10,0.4708576899588933
57.5,-10,0.4396445095179177
67.5,-10,0.42651144865075136
77.5,-10,0.42405887026840033
87.5,-10,0.4197426187557143
97.5,-10,0.4129538610463089
107.5,-10,0.4184988530545638
117.5,-10,0.41544210661982983
127.5,-10,0.41936058050549563
137.5,-10,0.4219164053075497
147.5,-10,0.41914433142927476
157.5,-10,0.4092564567680398
167.5,-10,0.4032378582426785
177.5,-10,0.4029980146272099
187.5,-10,0.4027199101339605
197.5,-10,0.3989133006747443
207.5,-10,0.39358000617945976
217.5,-10,0.38960476326391674
227.5,-10,0.3823225918747711
237.5,-10,0.373730545367644
247.5,-10,0.36580312111902447
257.5,-10,0.362168512756399
-52.5,0,0.6023760680054914
-42.5,0,0.6055256350264333
-32.5,0,0.6028334504468839
-22.5,0,0.5989413822306469
-12.5,0,0.597026763665092
-2.5,0,0.5964614893999127
7.5,0,0.5874760978622511
17.5,0,0.5756224677999341
27.5,0,0.5673154116429173
37.5,0,0.5598532895002813
47.5,0,0.4724623271516821
57.5,0,0.4405405313916892
67.5,0,0.4252488045580954
77.5,0,0.4221393637468726
87.5,0,0.4175116142906092
97.5,0,0.41116136840441586
107.5,0,0.416961226000369
117.5,0,0.4170003470468417
127.5,0,0.4223397827350622
137.5,0,0.42192581471192436
147.5,0,0.41736592361986335
157.5,0,0.4082881176308546
167.5,0,0.406439468108142
177.5,0,0.4047036206490923
187.5,0,0.40323880086705605
197.5,0,0.39899274740353396
207.5,0,0.3925622863328411
217.5,0,0.39085399930375975
227.5,0,0.3847645858784257
237.5,0,0.3813122754142674
247.5,0,0.3742322261509988
257.5,0,0.3661209221194954
-52.5,10,0.5996633443029216
-42.5,10,0.603878303649104
-32.5,10,0.6019189081628421
-22.5,10,0.5977333897579792
-12.5,10,0.5942761380039554
-2.5,10,0.5901696095261278
7.5,10,0.582413433841662
17.5,10,0.5733470009736781
27.5,10,0.5653898585569285
37.5,10,0.5574824526898711
47.5,10,0.4613990364712635
57.5,10,0.4310625376843344
67.5,10,0.42128422918859104
77.5,10,0.4161694217288528
87.5,10,0.41067978998777604
97.5,10,0.4072049409737496
107.5,10,0.4125320383492977
117.5,10,0.4149791259493217
127.5,10,0.4175914303789761
137.5,10,0.41629421409357725
147.5,10,0.4145297071915351
157.5,10,0.4064097448191629
167.5,10,0.40440412051215524
177.5,10,0.40509794861867726
187.5,10,0.4017579074759384
197.5,10,0.39366272243843453
207.5,10,0.38935165781986575
217.5,10,0.386058628089027
227.5,10,0.3799098543021726
237.5,10,0.3728501626384407
247.5,10,0.3637519706169828
257.5,10,0.3611043634705947
-52.5,20,0.5934345234542618
-42.5,20,0.6006558304448452
-32.5,20,0.5995162009375476
-22.5,20,0.595120811807597
-12.5,20,0.5896352277055974
-2.5,20,0.5839979320755019
7.5,20,0.5773092519934669
17.5,20,0.5694724484301261
27.5,20,0.5624562281431659
37.5,20,0.5536754372415316
47.5,20,0.4456663850495864
57.5,20,0.4254308677793389
67.5,20,0.41342123283521864
77.5,20,0.4077475929099049
87.5,20,0.407118179019095
97.5,20,0.4046662946595468
107.5,20,0.4086692543971735
117.5,20,0.41728472894703095
127.5,20,0.41389529095897737
137.5,20,0.4136049066937672
147.5,20,0.41125472065159985
157.5,20,0.40677716327349217
167.5,20,0.40323562930849194
177.5,20,0.40227527267165625
187.5,20,0.3990430142863619
197.5,20,0.39105332954947664
207.5,20,0.3851983577885626
217.5,20,0.38130370419703685
227.5,20,0.37589841076524005
237.5,20,0.365573743324546
247.5,20,0.36176588619099487
257.5,20,0.35521660140844497
-52.5,30,0.492235835639852
-42.5,30,0.5700213846282842
-32.5,30,0.5945212039160287
-22.5,30,0.59043646801818
-12.5,30,0.5845493531378033
-2.5,30,0.5774615510578737
7.5,30,0.5706358880376489
17.5,30,0.5632719101601504
27.5,30,0.5564190162215343
37.5,30,0.45458508135334147
47.5,30,0.4308398558007291
57.5,30,0.4172183613609662
67.5,30,0.407036323149242
77.5,30,0.405617807196862
87.5,30,0.39888593797406713
97.5,30,0.40208052462510646
107.5,30,0.40808772399939724
117.5,30,0.412458561270691
127.5,30,0.41494799496912216
137.5,30,0.41639087008423237
147.5,30,0.41223028454971605
157.5,30,0.4088091411377467
167.5,30,0.4004037735321504
177.5,30,0.4004697660840174
187.5,30,0.3933040441693574
197.5,30,0.39007952543876967
207.5,30,0.38210340372545915
217.5,30,0.3788900042403479
227.5,30,0.36889850452214984
237.5,30,0.3603850449875621
247.5,30,0.3591700740591843
257.5,30,0.354029751234146
-52.5,40,0.361821663349854
-42.5,40,0.45064871163044157
-32.5,40,0.5055053838093659
-22.5,40,0.5814565343353423
-12.5,40,0.5769650204029342
-2.5,40,0.5703063060877989
7.5,40,0.5636577919676
17.5,40,0.47160021841751903
27.5,40,0.4466326278604993
37.5,40,0.4274643582742612
47.5,40,0.4164615459065877
57.5,40,0.40511458188350435
67.5,40,0.3985602438563578
77.5,40,0.39276273668322337
87.5,40,0.3899839799027755
97.5,40,0.396000671655107
107.5,40,0.4056640049296566
117.5,40,0.41295567662019106
127.5,40,0.4189365627638347
137.5,40,0.4180824409931428
147.5,40,0.416667339341654
157.5,40,0.40465585189562914
167.5,40,0.39863150275053244
177.5,40,0.39308793347385745
187.5,40,0.39246005970099995
197.5,40,0.38500915759960697
207.5,40,0.3785618917905842
217.5,40,0.3727135859802443
227.5,40,0.36704936627039253
237.5,40,0.36381242742867126
247.5,40,0.3544603683639159
257.5,40,0.3521876391703973
-52.5,50,0.29621878238169974
-42.5,50,0.35501986342763603
-32.5,50,0.4073481929609342
-22.5,50,0.4411406948839397
-12.5,50,0.4469627533998823
-2.5,50,0.4445383384649616
7.5,50,0.4356166312385606
17.5,50,0.424398151437042
27.5,50,0.41158660403532327
37.5,50,0.402705133122871
47.5,50,0.39328366802561615
57.5,50,0.38932536821676905
67.5,50,0.3884966791564188
77.5,50,0.38448065789345887
87.5,50,0.38320192889714905
97.5,50,0.3912447882839148
107.5,50,0.4055430354749558
117.5,50,0.4099811413238055
127.5,50,0.41135189580060555
137.5,50,0.41383410364005785
147.5,50,0.409792940621609
157.5,50,0.40622568145857185
167.5,50,0.39739522235945407
177.5,50,0.3912849022791529
187.5,50,0.3868980412613357
197.5,50,0.3804262154094105
207.5,50,0.3705493786998595
217.5,50,0.36315274643787726
227.5,50,0.35729758621758023
237.5,50,0.35251621573842024
247.5,50,0.3488229178706498
257.5,50,0.3421427465472455
-52.5,60,0.30260419706785047
-42.5,60,0.33688930382989163
-32.5,60,0.36086106368875376
-22.5,60,0.37923789287379567
-12.5,60,0.3920742345160092
-2.5,60,0.3969985301954801
7.5,60,0.3976698841851703
17.5,60,0.3972182611963748
27.5,60,0.39204943890036037
37.5,60,0.38564211578269125
47.5,60,0.3840884379916751
57.5,60,0.3843066385365373
67.5,60,0.38542874510845226
77.5,60,0.3864809218509269
87.5,60,0.3870297465728908
97.5,60,0.3956141810384106
107.5,60,0.40735608615517677
117.5,60,0.4119711720949213
127.5,60,0.4126937553130898
137.5,60,0.40952072392242966
147.5,60,0.4072543409438242
157.5,60,0.405817138525905
167.5,60,0.40171800514760836
177.5,60,0.39681761730916665
187.5,60,0.3856965909134295
197.5,60,0.37503955932329874
207.5,60,0.3674777937542948
217.5,60,0.36268960414975043
227.5,60,0.35653872759490635
237.5,60,0.3503529930841242
247.5,60,0.3452227230047709
257.5,60,0.33939257565028835
-52.5,70,0.3248761586124133
-42.5,70,0.33911266164640436
-32.5,70,0.35875687668294026
-22.5,70,0.366999114858544
-12.5,70,0.3661711851066662
-2.5,70,0.3716074645227549
7.5,70,0.3750100444906783
17.5,70,0.3774335108153974
27.5,70,0.3796308728945758
37.5,70,0.38212526496774557
47.5,70,0.3867699291256207
57.5,70,0.3870406906633111
67.5,70,0.38811550230942343
77.5,70,0.3879641977483684
87.5,70,0.39455543764083906
97.5,70,0.40032104265141655
107.5,70,0.40411345475709404
117.5,70,0.41046924026849035
127.5,70,0.41012274551059347
137.5,70,0.4084063404801513
147.5,70,0.40821251726903784
157.5,70,0.4080790597840311
167.5,70,0.4039293948714781
177.5,70,0.3994983064163115
187.5,70,0.3861440545638145
197.5,70,0.3739881563714629
207.5,70,0.36727143148265007
217.5,70,0.3599599621217176
227.5,70,0.35582097004460944
237.5,70,0.3527480619204883
247.5,70,0.3459297438502713
257.5,70,0.3394463130794777
-52.5,80,0.35402107920858394
-42.5,80,0.3535485496846039
-32.5,80,0.359344092896729
-22.5,80,0.3593584056530292
-12.5,80,0.3685798606094906
-2.5,80,0.37017417413406584
7.5,80,0.37588084002408884
17.5,80,0.3776137064967158
27.5,80,0.3795236011338728
37.5,80,0.3851926137338563
47.5,80,0.3861561622667075
57.5,80,0.3863732482470938
67.5,80,0.386905726418122
77.5,80,0.3876281039416494
87.5,80,0.3905675989443222
97.5,80,0.39737418403358243
107.5,80,0.3997432205883128
117.5,80,0.40547239291312054
127.5,80,0.4104102281693744
137.5,80,0.40880036202841735
147.5,80,0.40681107587618687
157.5,80,0.4022910991715518
167.5,80,0.40072033283829217
177.5,80,0.39661489832197244
187.5,80,0.38326979786023
197.5,80,0.37635695134971425
207.5,80,0.36723122055397267
217.5,80,0.358485073444639
227.5,80,0.3529996916369233
237.5,80,0.34483728379035167
247.5,80,0.3415376792544944
257.5,80,0.33918404637470545
-52.5,90,0.35809483296085337
-42.5,90,0.3538856766515374
-32.5,90,0.3567897151305389
-22.5,90,0.3606910143181319
-12.5,90,0.36615193161037274
-2.5,90,0.369746803424124
7.5,90,0.3732633244993903
17.5,90,0.37795802034385717
27.5,90,0.37730184560510577
37.5,90,0.3804870242411039
47.5,90,0.3815971744296495
57.5,90,0.3841673708657677
67.5,90,0.38147125456536535
77.5,90,0.38555742804010984
87.5,90,0.3909105971194592
97.5,90,0.39532083922788835
107.5,90,0.4013736987989243
117.5,90,0.4015493944072064
127.5,90,0.4034054225723476
137.5,90,0.4043340401081157
147.5,90,0.4029623295693101
157.5,90,0.398941789158976
167.5,90,0.3969825170947599
177.5,90,0.3908211199996322
187.5,90,0.38135603765645903
197.5,90,0.37251787590268476
207.5,90,0.36171675102362666
217.5,90,0.3548409219853954
227.5,90,0.3496823280858316
237.5,90,0.3462155800470231
247.5,90,0.3400749095640386
257.5,90,0.3394023706739519
-52.5,100,0.3773855694825752
-42.5,100,0.36467690209362436
-32.5,100,0.3589743525950537
-22.5,100,0.3616664543597617
-12.5,100,0.3636097765692888
-2.5,100,0.3648822549380777
7.5,100,0.3685393630576234
17.5,100,0.36933702319676703
27.5,100,0.3691497325806465
37.5,100,0.37492598651163594
47.5,100,0.37980250750019673
57.5,100,0.38085273136592734
67.5,100,0.3829756328369464
77.5,100,0.38747734844704074
87.5,100,0.39160370356538954
97.5,100,0.40033701975852376
107.5,100,0.40174610682132744
117.5,100,0.3985466262373538
127.5,100,0.40088337007315006
137.5,100,0.40304091672372877
147.5,100,0.4027406793684263
157.5,100,0.3997320874312809
167.5,100,0.39368501758467
177.5,100,0.3880256286301927
187.5,100,0.3792962414696493
197.5,100,0.37175728662050767
207.5,100,0.3606954178908199
217.5,100,0.35536957906922395
227.5,100,0.34736245758771617
237.5,100,0.3485956859268013
247.5,100,0.3382361944414825
257.5,100,0.33429953101524346
-52.5,110,0.3753353948730879
-42.5,110,0.36620535819518457
-32.5,110,0.36761177086809316
-22.5,110,0.366235499034829
-12.5,110,0.36442692452303926
-2.5,110,0.36635885766004145
7.5,110,0.3680688652304534
17.5,110,0.36904047822113306
27.5,110,0.3695945021995709
37.5,110,0.3722885799745603
47.5,110,0.37598702890315416
57.5,110,0.38175898612534903
67.5,110,0.3845200514132748
77.5,110,0.3893563101860726
87.5,110,0.38965876601685556
97.5,110,0.3955062917534828
107.5,110,0.39748310048965674
117.5,110,0.3988669870064617
127.5,110,0.39924530883813625
137.5,110,0.4020012375760775
147.5,110,0.40127690436632457
157.5,110,0.39796761609601433
167.5,110,0.39621653515848454
177.5,110,0.38479020998880104
187.5,110,0.3766120912108678
197.5,110,0.3699494985380845
207.5,110,0.36062606645695533
217.5,110,0.35542562469776356
227.5,110,0.3467161864835268
237.5,110,0.34271071876391407
247.5,110,0.34228121650359816
257.5,110,0.3311639985058586
-52.5,120,0.37165198573132713
-42.5,120,0.36674972072886697
-32.5,120,0.36798964185634464
-22.5,120,0.3726521293382397
-12.5,120,0.37137914480028245
-2.5,120,0.36948255724023965
7.5,120,0.3716630132536159
17.5,120,0.3714354927729698
27.5,120,0.3738572457760283
37.5,120,0.37120269876779366
47.5,120,0.37535842897004523
57.5,120,0.3776093085135126
67.5,120,0.3845732831102737
77.5,120,0.38739645686534363
87.5,120,0.3886445094762409
97.5,120,0.39331652645122434
107.5,120,0.395566310434482
117.5,120,0.39843941768251523
127.5,120,0.40017955022363644
137.5,120,0.39849650358664385
147.5,120,0.3996000888964155
157.5,120,0.39422522155678286
167.5,120,0.39229574048833593
177.5,120,0.38295822292777837
187.5,120,0.37368425096434604
197.5,120,0.370153545288829
207.5,120,0.36106545510786947
217.5,120,0.35396971507114433
227.5,120,0.34618178043442066
237.5,120,0.34139036182716825
247.5,120,0.33619570921007214
257.5,120,0.3297953468533507
-52.5,130,0.3744244806393066
-42.5,130,0.3738980565734729
-32.5,130,0.3817860288255926
-22.5,130,0.3790424076309195
-12.5,130,0.37284384653074826
-2.5,130,0.37371366576879406
7.5,130,0.37461120969172373
17.5,130,0.3774099803345996
27.5,130,0.37432116205113075
37.5,130,0.3750268124436973
47.5,130,0.37672675215607515
57.5,130,0.3798699226748467
67.5,130,0.38239484394867823
77.5,130,0.3883226243218055
87.5,130,0.39199819187585994
97.5,130,0.3941232291977154
107.5,130,0.39784216195757416
117.5,130,0.39843152192959674
127.5,130,0.4027609443284362
137.5,130,0.39595631446562374
147.5,130,0.395541435336395
157.5,130,0.39359600332567757
167.5,130,0.3874452731854056
177.5,130,0.3816987894686692
187.5,130,0.37164403021307885
197.5,130,0.36765092069179395
207.5,130,0.3651279850055819
217.5,130,0.35396841990528477
227.5,130,0.34497534319363704
237.5,130,0.34354866407744583
247.5,130,0.3374193950223589
257.5,130,0.31992205266577056
-52.5,140,0.38263370262507124
-42.5,140,0.3896104090176709
-32.5,140,0.3846773899753534
-22.5,140,0.38232509292625266
-12.5,140,0.3773294551662713
-2.5,140,0.37669475275365893
7.5,140,0.37903617290057684
17.5,140,0.37834270190347535
27.5,140,0.3749007498397329
37.5,140,0.3734801867040104
47.5,140,0.3803913542093449
57.5,140,0.38078624930754235
67.5,140,0.38492684692420664
77.5,140,0.39080641654048925
87.5,140,0.39720283360272257
97.5,140,0.39862991895646965
107.5,140,0.399209308578992
117.5,140,0.40041344274533275
127.5,140,0.4002833134143234
137.5,140,0.39816281322692215
147.5,140,0.3947754210743063
157.5,140,0.39299000589437066
167.5,140,0.3888108703423021
177.5,140,0.3815327964911324
187.5,140,0.3741425880024347
197.5,140,0.3689856101892845
207.5,140,0.3631704222835903
217.5,140,0.35481752582811693
227.5,140,0.3470915867145742
237.5,140,0.34529252925199244
247.5,140,0.33553888117280767
257.5,140,0.31684187546077464
-52.5,150,0.3914492939541831
-42.5,150,0.39010954265901676
-32.5,150,0.39354607604603775
-22.5,150,0.39143801934305045
-12.5,150,0.383778114738474
-2.5,150,0.3847267219122642
7.5,150,0.3852103382652474
17.5,150,0.3819531509876902
27.5,150,0.3776810984140295
37.5,150,0.380538062446283
47.5,150,0.3842693267567473
57.5,150,0.3884211140973278
67.5,150,0.3893905228497194
77.5,150,0.39358109520510787
87.5,150,0.40116217301433243
97.5,150,0.3996622598536343
107.5,150,0.3984688145145888
117.5,150,0.3979664878043327
127.5,150,0.3966987707149745
137.5,150,0.39739412870256574
147.5,150,0.3942058545061575
157.5,150,0.3889213377669592
167.5,150,0.38644718799376615
177.5,150,0.37856730240181485
187.5,150,0.37502388484331106
197.5,150,0.3707418240518705
207.5,150,0.3611260033015705
217.5,150,0.3567492145571365
227.5,150,0.34876665542987445
237.5,150,0.3439554494703467
247.5,150,0.33592473531091094
257.5,150,0.30427251690546653
-52.5,160,0.3970242421082483
-42.5,160,0.3972822443470016
-32.5,160,0.39812901947480717
-22.5,160,0.39533749992826994
-12.5,160,0.393778521284209
-2.5,160,0.39384320746921386
7.5,160,0.3925986559676108
17.5,160,0.3872987696239543
27.5,160,0.3866221781834189
37.5,160,0.3878459230192119
47.5,160,0.38693066630402734
57.5,160,0.3914448947400685
67.5,160,0.38959786912362865
77.5,160,0.39560843434186
87.5,160,0.4008510299719276
97.5,160,0.4011872330593561
107.5,160,0.3962991276130644
117.5,160,0.3953461412850643
127.5,160,0.39534673231288714
137.5,160,0.39277918223103525
147.5,160,0.3900713653039244
157.5,160,0.38414143496119607
167.5,160,0.3822094955710142
177.5,160,0.3776018393221862
187.5,160,0.37500623230362085
197.5,160,0.3668517248311463
207.5,160,0.3653342889731686
217.5,160,0.35948844976090233
227.5,160,0.3534127167596571
237.5,160,0.3491814460338398
247.5,160,0.3261384538460719
257.5,160,0.28673315298800395
-52.5,170,0.4065887550323727
-42.5,170,0.4028407450426447
-32.5,170,0.4031842675986644
-22.5,170,0.3986006958268073
-12.5,170,0.4007937978934361
-2.5,170,0.40100674484773274
7.5,170,0.395981242317745
17.5,170,0.3956856562587318
27.5,170,0.3935306561533359
37.5,170,0.39487441053034567
47.5,170,0.38907051544998594
57.5,170,0.3915589858912721
67.5,170,0.39145659844093456
77.5,170,0.3981433793195955
87.5,170,0.398451528189731
97.5,170,0.3946388782357728
107.5,170,0.39612475190869095
117.5,170,0.39281048715188716
127.5,170,0.39137922897045907
137.5,170,0.38699274409906614
147.5,170,0.38297593120043577
157.5,170,0.38168530709590054
167.5,170,0.37728667163416557
177.5,170,0.37730085526340673
187.5,170,0.3713471060176182
197.5,170,0.36666601175095603
207.5,170,0.36260869374042726
217.5,170,0.3588881332430662
227.5,170,0.3569845303503329
237.5,170,0.338567897172778
247.5,170,0.31851330369605585
257.5,170,0.28903892303746764
-52.5,180,0.4127161991201416
-42.5,180,0.40490575661453426
-32.5,180,0.4050760791299142
-22.5,180,0.4014140681849267
-12.5,180,0.4038838298380045
-2.5,180,0.40501474731829296
7.5,180,0.39876890896936773
17.5,180,0.39980877079279703
27.5,180,0.399638084341538
37.5,180,0.39786181301532886
47.5,180,0.39292273060248906
57.5,180,0.39182750621991885
67.5,180,0.39306177943490905
77.5,180,0.39313050915597
87.5,180,0.39262537321377816
97.5,180,0.39425282024048747
107.5,180,0.38947552669590374
117.5,180,0.3855260782232205
127.5,180,0.38187988020385394
137.5,180,0.38033781971330344
147.5,180,0.3771081686421587
157.5,180,0.37890130342756045
167.5,180,0.37756331348553457
177.5,180,0.37314783495924936
187.5,180,0.36708985964861085
197.5,180,0.366464438727588
207.5,180,0.3623839660242333
217.5,180,0.35951995238670403
227.5,180,0.34634333830640057
237.5,180,0.3205724634445163
247.5,180,0.3056917613430799
257.5,180,0.25766060611244607
-52.5,190,0.4024728519554454
-42.5,190,0.4071583748948122
-32.5,190,0.40621312193929543
-22.5,190,0.40616224287720354
-12.5,190,0.4069736759825458
-2.5,190,0.40792517969333797
7.5,190,0.4022557419863408
17.5,190,0.40119575506028654
27.5,190,0.4027782654567023
37.5,190,0.4020881980652495
47.5,190,0.397373014153994
57.5,190,0.3956621708237875
67.5,190,0.39608058489783904
77.5,190,0.395653943992053
87.5,190,0.3908268329707784
97.5,190,0.38246467963411046
107.5,190,0.38011866245183734
117.5,190,0.3741253417291166
127.5,190,0.3747213277835882
137.5,190,0.37279761482254403
147.5,190,0.3710634352262399
157.5,190,0.3710597963227247
167.5,190,0.3711892664674489
177.5,190,0.3675971756656741
187.5,190,0.36684662500223447
197.5,190,0.3657230892344153
207.5,190,0.363584525089
217.5,190,0.3572652762986512
227.5,190,0.33292095524140364
237.5,190,0.3060128678439122
247.5,190,0.3056385871401167
257.5,190,0.22364942756305967
-52.5,200,0.3898490844373937
-42.5,200,0.409245554255127
-32.5,200,0.40483687447856903
-22.5,200,0.40612353398348183
-12.5,200,0.40692878305246766
-2.5,200,0.4051365620333307
7.5,200,0.4043424905685324
17.5,200,0.40593664794968426
27.5,200,0.4076277949114799
37.5,200,0.402661664875622
47.5,200,0.3952221146453886
57.5,200,0.397727081445608
67.5,200,0.39353480259927587
77.5,200,0.3852085915174109
87.5,200,0.378217406589713
97.5,200,0.3751051915475004
107.5,200,0.36775678427749564
117.5,200,0.36273978521439165
127.5,200,0.3637393661581431
137.5,200,0.3698082400734175
147.5,200,0.36472333244299704
157.5,200,0.3641630735210491
167.5,200,0.3663781562939959
177.5,200,0.3638017145917214
187.5,200,0.36553058405441025
197.5,200,0.3667386160832241
207.5,200,0.3671808523824964
217.5,200,0.3593293272832696
227.5,200,0.3055076443274125
237.5,200,0.29505000175883345
247.5,200,0.23325929108391982
257.5,200,0.20772969397840968
-52.5,210,0.39187358082427315
-42.5,210,0.4018107926273803
-32.5,210,0.40584524699968805
-22.5,210,0.40305689198233347
-12.5,210,0.40420098076669186
-2.5,210,0.4045440104538479
7.5,210,0.40530362079720517
17.5,210,0.40376966342237397
27.5,210,0.4045828514107516
37.5,210,0.40442485091512975
47.5,210,0.39726146609348145
57.5,210,0.390273565034985
67.5,210,0.3889295745648415
77.5,210,0.38070715738636207
87.5,210,0.36833391454273484
97.5,210,0.3676120593848681
107.5,210,0.3574289065769215
117.5,210,0.3525260609839538
127.5,210,0.35852025557918454
137.5,210,0.3596691454989013
147.5,210,0.35578941784047724
157.5,210,0.3574131830417039
167.5,210,0.3628416902504198
177.5,210,0.364097058790539
187.5,210,0.36431019085527294
197.5,210,0.3576490431514608
207.5,210,0.3519471159956428
217.5,210,0.30872258024738386
227.5,210,0.29099969845049656
237.5,210,0.2328966524752372
247.5,210,0.2365761175801646
257.5,210,0.19656268561179988
-52.5,220,0.3939436805703778
-42.5,220,0.3984142233914828
-32.5,220,0.3962990802665694
-22.5,220,0.4000086572289556
-12.5,220,0.3991803612711672
-2.5,220,0.4045698739804008
7.5,220,0.4014777835274849
17.5,220,0.3997530428591458
27.5,220,0.4035918209342284
37.5,220,0.40104456385654047
47.5,220,0.39195859797714827
57.5,220,0.38822055587127685
67.5,220,0.3872752830864782
77.5,220,0.3763692830277393
87.5,220,0.3643452574454837
97.5,220,0.36554319052219414
107.5,220,0.3541250228575207
117.5,220,0.3475331741108199
127.5,220,0.3525575050368669
137.5,220,0.354708569016237
147.5,220,0.3538179715115319
157.5,220,0.357096648115498
167.5,220,0.36121829951131934
177.5,220,0.36366337616495403
187.5,220,0.35858658675938443
197.5,220,0.35306805834124
207.5,220,0.3216290254698383
217.5,220,0.2917301839002531
227.5,220,0.28099487618996943
237.5,220,0.27331090275468534
247.5,220,0.17195215904981365
257.5,220,0.11317434872528831
-52.5,230,0.3929259950240452
-42.5,230,0.39650526951706416
-32.5,230,0.3951107866565688
-22.5,230,0.399166599719046
-12.5,230,0.3988050703022926
-2.5,230,0.40156761719002504
7.5,230,0.39785978589960663
17.5,230,0.3958033481581047
27.5,230,0.39803962392803777
37.5,230,0.3989861152827593
47.5,230,0.39215837321234814
57.5,230,0.39540570253023904
67.5,230,0.3891440378465025
77.5,230,0.36974931455375337
87.5,230,0.36252056160692814
97.5,230,0.35578959989242437
107.5,230,0.35196408688453124
117.5,230,0.34679347027670504
127.5,230,0.3466192824905344
137.5,230,0.3501941624599664
147.5,230,0.34961544784672793
157.5,230,0.3496967639602273
167.5,230,0.35624050873018126
177.5,230,0.3548525948701011
187.5,230,0.3443297261465389
197.5,230,0.3316998032858098
207.5,230,0.3087819067319129
217.5,230,0.32824421187634484
227.5,230,0.293316953614249
237.5,230,0.19413198915969707
247.5,230,0.053676741323461626
257.5,230,0.0
-52.5,240,0.38761940890806984
-42.5,240,0.3964443753582376
-32.5,240,0.3934096805556072
-22.5,240,0.39353631083302737
-12.5,240,0.39496066291250437
-2.5,240,0.39774199042205816
7.5,240,0.39364836142417114
17.5,240,0.3941011948561971
27.5,240,0.39374432173311535
37.5,240,0.40031496370870395
47.5,240,0.3884451038319638
57.5,240,0.38406909603408385
67.5,240,0.3835681962488701
77.5,240,0.36832423817698884
87.5,240,0.3569117510194787
97.5,240,0.3522233135322331
107.5,240,0.3462002908565423
117.5,240,0.3423678550828637
127.5,240,0.33796078728230133
137.5,240,0.3444594102501089
147.5,240,0.34581696931315326
157.5,240,0.3503207829132036
167.5,240,0.3401436080988014
177.5,240,0.3249954841733114
187.5,240,0.31918755527727766
197.5,240,0.3426569621358451
207.5,240,0.2762363860135181
217.5,240,0.16197672354111167
227.5,240,0.07175316799713415
237.5,240,0.0861177262089622
247.5,240,0.0
257.5,240,0.0
